CREATE DATABASE  IF NOT EXISTS `sim_shop_oltp`
USE `sim_shop_oltp`;

--
-- Table structure for table `department`
--

DROP TABLE IF EXISTS department;
CREATE TABLE department (
  department_id int NOT NULL AUTO_INCREMENT,
  `name` varchar(50) NOT NULL,
  PRIMARY KEY (department_id),
  UNIQUE KEY department_id (department_id)
) AUTO_INCREMENT=5;

INSERT INTO department VALUES 
	(1,'Management'),
	(2,'Home and Office'),
	(3,'Beauty, Bath and Health'),
	(4,'Food');

--
-- Table structure for table `employee`
--

DROP TABLE IF EXISTS employee;
CREATE TABLE employee (
  employee_id int NOT NULL AUTO_INCREMENT,
  location_id int NOT NULL,
  position_id int NOT NULL,
  `name` varchar(50) NOT NULL,
  salary decimal(10,0) NOT NULL,
  start_date date NOT NULL,
  end_date date DEFAULT NULL,
  PRIMARY KEY (employee_id),
  UNIQUE KEY employee_id (employee_id),
  KEY location_id (location_id),
  KEY position_id (position_id),
  CONSTRAINT employee_ibfk_1 FOREIGN KEY (location_id) REFERENCES location (location_id),
  CONSTRAINT employee_ibfk_2 FOREIGN KEY (position_id) REFERENCES job_position (position_id)
) AUTO_INCREMENT=131;

INSERT INTO employee VALUES 
	(1,10,1,'Neil Sutton',81259,'2021-05-20',NULL),
	(2,9,1,'Darlene Lewis',66586,'2021-05-20',NULL),
	(3,8,1,'Elmer Douglas',60171,'2021-05-20',NULL),
	(4,7,1,'Juan Russell',81596,'2021-05-20',NULL),
	(5,6,1,'Debbie Morales',54009,'2021-05-20',NULL),
	(6,5,1,'Judith Neal',52553,'2021-05-20',NULL),
	(7,4,1,'Hilda Simpson',69835,'2021-05-20',NULL),
	(8,3,1,'Lance Murray',68577,'2021-05-20',NULL),
	(9,2,1,'Frances Shelton',51540,'2021-05-20',NULL),
	(10,1,1,'Arthur Russell',66490,'2021-05-20',NULL),
	(11,10,2,'Savannah Snyder',39355,'2021-05-20',NULL),
	(12,9,2,'Kaylee Armstrong',25517,'2021-05-20',NULL),
	(13,8,2,'Claude Carr',28789,'2021-05-20',NULL),
	(14,7,2,'Janet Chavez',36238,'2021-05-20',NULL),
	(15,6,2,'Jeffrey Watkins',37313,'2021-05-20',NULL),
	(16,5,2,'Lester Moore',47477,'2021-05-20',NULL),
	(17,4,2,'Brandy Wright',48089,'2021-05-20',NULL),
	(18,3,2,'Harvey George',53371,'2021-05-20',NULL),
	(19,2,2,'Isaiah Carter',52275,'2021-05-20',NULL),
	(20,1,2,'Daniel Ramirez',51229,'2021-05-20',NULL),
	(21,10,3,'Leroy Brewer',76752,'2021-05-20',NULL),
	(22,9,3,'Darryl Wilson',41246,'2021-05-20',NULL),
	(23,8,3,'Harvey Tucker',81311,'2021-05-20',NULL),
	(24,7,3,'Kent Fowler',82181,'2021-05-20',NULL),
	(25,6,3,'Alan Walters',82254,'2021-05-20',NULL),
	(26,5,3,'Anthony Webb',29718,'2021-05-20',NULL),
	(27,4,3,'Lance Griffin',76639,'2021-05-20',NULL),
	(28,3,3,'Thomas Russell',58651,'2021-05-20',NULL),
	(29,2,3,'Kyle Simpson',53427,'2021-05-20',NULL),
	(30,1,3,'Dawn Barrett',41010,'2021-05-20',NULL),
	(31,10,4,'Dan Hale',36395,'2021-05-20',NULL),
	(32,9,4,'Sheila Washington',30890,'2021-05-20',NULL),
	(33,8,4,'Kenzi Jacobs',38055,'2021-05-20',NULL),
	(34,7,4,'Kristina Sullivan',39169,'2021-05-20',NULL),
	(35,6,4,'Hector Reynolds',24670,'2021-05-20',NULL),
	(36,5,4,'Clayton Evans',41866,'2021-05-20',NULL),
	(37,4,4,'Alvin Reynolds',25749,'2021-05-20',NULL),
	(38,3,4,'Yvonne Grant',36491,'2021-05-20',NULL),
	(39,2,4,'Darryl Duncan',40650,'2021-05-20',NULL),
	(40,1,4,'April Douglas',24959,'2021-05-20',NULL),
	(41,10,5,'Emily Dunn',52112,'2021-05-20',NULL),
	(42,9,5,'Wade Cunningham',30728,'2021-05-20',NULL),
	(43,8,5,'Ashley Sanders',26116,'2021-05-20',NULL),
	(44,7,5,'Linda Fox',33214,'2021-05-20',NULL),
	(45,6,5,'Gregory Perry',34952,'2021-05-20',NULL),
	(46,5,5,'Shelly Lawson',57601,'2021-05-20',NULL),
	(47,4,5,'Joel Perez',21814,'2021-05-20',NULL),
	(48,3,5,'Rita Pearson',55682,'2021-05-20',NULL),
	(49,2,5,'Donald Fletcher',33311,'2021-05-20',NULL),
	(50,1,5,'Debra Hunter',53765,'2021-05-20',NULL),
	(51,10,6,'Jessie Kelly',23966,'2021-05-20',NULL),
	(52,9,6,'Tanya Lucas',26843,'2021-05-20',NULL),
	(53,8,6,'Evelyn Webb',21985,'2021-05-20',NULL),
	(54,7,6,'Erin Ward',29276,'2021-05-20',NULL),
	(55,6,6,'Andy Byrd',28198,'2021-05-20',NULL),
	(56,5,6,'Randall Brewer',30631,'2021-05-20',NULL),
	(57,4,6,'Tomothy Adams',28693,'2021-05-20',NULL),
	(58,3,6,'Eileen Torres',21375,'2021-05-20',NULL),
	(59,2,6,'Brittany Mitchelle',26799,'2021-05-20',NULL),
	(60,1,6,'Miriam Moore',27425,'2021-05-20',NULL),
	(61,10,7,'Dolores Bates',33263,'2021-05-20',NULL),
	(62,9,7,'Evan Spencer',45786,'2021-05-20',NULL),
	(63,8,7,'Bernice Wade',45172,'2021-05-20',NULL),
	(64,7,7,'Troy Soto',28815,'2021-05-20',NULL),
	(65,6,7,'Roger Reid',32766,'2021-05-20',NULL),
	(66,5,7,'Debra Morris',27227,'2021-05-20',NULL),
	(67,4,7,'Josephine Medina',39671,'2021-05-20',NULL),
	(68,3,7,'Gordon Fernandez',42759,'2021-05-20',NULL),
	(69,2,7,'Brianna Wheeler',41425,'2021-05-20',NULL),
	(70,1,7,'Kenneth Carlson',31853,'2021-05-20',NULL),
	(71,10,8,'Bessie Bates',48646,'2021-05-20',NULL),
	(72,9,8,'Judd Frazier',20964,'2021-05-20',NULL),
	(73,8,8,'Eleanor Perry',42576,'2021-05-20',NULL),
	(74,7,8,'Charlotte Hale',44028,'2021-05-20',NULL),
	(75,6,8,'Jenny Holland',23088,'2021-05-20',NULL),
	(76,5,8,'Phillip Vasquez',30599,'2021-05-20',NULL),
	(77,4,8,'Aiden Lucas',34350,'2021-05-20',NULL),
	(78,3,8,'Sharlene Porter',37283,'2021-05-20',NULL),
	(79,2,8,'Joann Turner',21297,'2021-05-20',NULL),
	(80,1,8,'Dwayne Holt',36192,'2021-05-20',NULL),
	(81,10,9,'Debbie Castro',20701,'2021-05-20',NULL),
	(82,9,9,'Sophie Duncan',27241,'2021-05-20',NULL),
	(83,8,9,'Leslie Shelton',26778,'2021-05-20',NULL),
	(84,7,9,'Kristina Garrett',24561,'2021-05-20',NULL),
	(85,6,9,'Robin Newman',28327,'2021-05-20',NULL),
	(86,5,9,'Alberto Reid',29257,'2021-05-20',NULL),
	(87,4,9,'Tammy Austin',23516,'2021-05-20',NULL),
	(88,3,9,'Dora Mccoy',21603,'2021-05-20',NULL),
	(89,2,9,'Roberta Evans',22201,'2021-05-20',NULL),
	(90,1,9,'Melvin Olson',22599,'2021-05-20',NULL),
	(91,10,10,'Hailey Butler',45945,'2021-05-20',NULL),
	(92,9,10,'Tonya Johnston',32527,'2021-05-20',NULL),
	(93,8,10,'Carlos Bishop',27135,'2021-05-20',NULL),
	(94,7,10,'Scott Lee',47754,'2021-05-20',NULL),
	(95,6,10,'Charlie Cook',34641,'2021-05-20',NULL),
	(96,5,10,'Lance Lewis',47494,'2021-05-20',NULL),
	(97,4,10,'Vera Hernandez',44820,'2021-05-20',NULL),
	(98,3,10,'Regina Holt',37095,'2021-05-20',NULL),
	(99,2,10,'Ian Reed',30506,'2021-05-20',NULL),
	(100,1,10,'Tanya Parker',43203,'2021-05-20',NULL),
	(101,10,11,'Becky Fisher',43173,'2021-05-20',NULL),
	(102,9,11,'Becky Brewer',36179,'2021-05-20',NULL),
	(103,8,11,'Ross Roberts',40429,'2021-05-20',NULL),
	(104,7,11,'Antonio Webb',25648,'2021-05-20',NULL),
	(105,6,11,'Courtney Chambers',30467,'2021-05-20',NULL),
	(106,5,11,'Sharlene Craig',36108,'2021-05-20',NULL),
	(107,4,11,'Marilyn Kennedy',47788,'2021-05-20',NULL),
	(108,3,11,'Edwin Butler',25768,'2021-05-20',NULL),
	(109,2,11,'Beverly Rodriguez',34406,'2021-05-20',NULL),
	(110,1,11,'Jose Ellis',57904,'2021-05-20',NULL),
	(111,10,12,'Erika Gutierrez',31440,'2021-05-20',NULL),
	(112,9,12,'Joann Brooks',31042,'2021-05-20',NULL),
	(113,8,12,'Liam Mitchell',25633,'2021-05-20',NULL),
	(114,7,12,'Max Weaver',20520,'2021-05-20',NULL),
	(115,6,12,'Lester Gregory',30109,'2021-05-20',NULL),
	(116,5,12,'Antonio Webb',24219,'2021-05-20',NULL),
	(117,4,12,'Jessica Harris',26988,'2021-05-20',NULL),
	(118,3,12,'Shawn Rogers',20048,'2021-05-20',NULL),
	(119,2,12,'Everett Lopez',28933,'2021-05-20',NULL),
	(120,1,12,'Bertha Stewart',23261,'2021-05-20',NULL),
	(121,10,13,'Gene Lawrence',37044,'2021-05-20',NULL),
	(122,9,13,'Brett Ross',30673,'2021-05-20',NULL),
	(123,8,13,'Erik Elliott',47414,'2021-05-20',NULL),
	(124,7,13,'Frances Hoffman',33330,'2021-05-20',NULL),
	(125,6,13,'Kelly Miller',42956,'2021-05-20',NULL),
	(126,5,13,'Erin Campbell',46549,'2021-05-20',NULL),
	(127,4,13,'Russell Davis',40312,'2021-05-20',NULL),
	(128,3,13,'Gabriel Johnson',46946,'2021-05-20',NULL),
	(129,2,13,'Mathew Thompson',30476,'2021-05-20',NULL),
	(130,1,13,'Irma Sanders',42444,'2021-05-20',NULL);

--
-- Table structure for table `inventory`
--

DROP TABLE IF EXISTS inventory;
CREATE TABLE inventory (
  inventory_id int NOT NULL AUTO_INCREMENT,
  product_id int NOT NULL,
  location_id int NOT NULL,
  quantity_in_storage int NOT NULL,
  quantity_on_shelf int NOT NULL,
  PRIMARY KEY (inventory_id),
  UNIQUE KEY inventory_id (inventory_id),
  KEY product_id (product_id),
  KEY location_id (location_id),
  CONSTRAINT inventory_ibfk_1 FOREIGN KEY (product_id) REFERENCES product (product_id),
  CONSTRAINT inventory_ibfk_2 FOREIGN KEY (location_id) REFERENCES location (location_id)
);

--
-- Table structure for table `job_position`
--

DROP TABLE IF EXISTS job_position;
CREATE TABLE job_position (
  position_id int NOT NULL AUTO_INCREMENT,
  department_id int NOT NULL,
  title varchar(50) NOT NULL,
  min_salary decimal(10,0) NOT NULL,
  max_salary decimal(10,0) NOT NULL,
  PRIMARY KEY (position_id),
  UNIQUE KEY position_id (position_id),
  KEY department_id_idx (department_id),
  CONSTRAINT job_position_ibfk_1 FOREIGN KEY (department_id) REFERENCES department (department_id)
) AUTO_INCREMENT=14;

INSERT INTO job_position VALUES 
	(1,1,'Manager',48000,84000),
	(2,1,'Assistant Manager',24000,59000),
	(3,1,'Merchandiser',29000,86000),
	(4,1,'Janitor',24000,42000),
	(5,2,'Sales Associate',19000,58000),
	(6,2,'Cashier',20000,32000),
	(7,2,'Stock Clerk',27000,49000),
	(8,3,'Sales Associate',19000,58000),
	(9,3,'Cashier',20000,32000),
	(10,3,'Stock Clerk',27000,49000),
	(11,4,'Sales Associate',19000,58000),
	(12,4,'Cashier',20000,32000),
	(13,4,'Stock Clerk',27000,49000);

--
-- Table structure for table `location`
--

DROP TABLE IF EXISTS location;
CREATE TABLE location (
  location_id int NOT NULL AUTO_INCREMENT,
  manager_id int DEFAULT NULL,
  state_code varchar(2) NOT NULL,
  city varchar(25) NOT NULL,
  postal_code varchar(9) NOT NULL,
  address_line varchar(100) NOT NULL,
  PRIMARY KEY (location_id),
  UNIQUE KEY location_id (location_id),
  KEY location_ibfk_1 (manager_id),
  CONSTRAINT location_ibfk_1 FOREIGN KEY (manager_id) REFERENCES employee (employee_id)
) AUTO_INCREMENT=11;

INSERT INTO location VALUES 
	(1,NULL,'KS','Overland Park','66210','11701 Metcalf Ave'),
	(2,NULL,'AL','Montgomery','36117','6495 Atlanta Hwy'),
	(3,NULL,'MO','Kansas City','64133','11601 E Us Highway 40'),
	(4,NULL,'AL','Mobile','36606','101 E I65 Service Rd S'),
	(5,NULL,'MO','Kansas City','64145','1701 W 133rd St'),
	(6,NULL,'DC','Washington','20001','99 H Street Nw'),
	(7,NULL,'CA','Burbank','91502','1301 N Victory Pl'),
	(8,NULL,'TX','Houston','77081','5405 South Rice Avenue'),
	(9,NULL,'FL','North Miami Beach','33162','1425 Ne 163rd St'),
	(10,NULL,'NJ','Secaucus','07094','400 Park Pl');

--
-- Table structure for table `payment`
--

DROP TABLE IF EXISTS payment;
CREATE TABLE payment (
  payment_id int NOT NULL AUTO_INCREMENT,
  location_id int NOT NULL,
  cashier_id int NOT NULL,
  payment_date date NOT NULL,
  amount_paid decimal(10,0) NOT NULL,
  payment_type varchar(6) NOT NULL,
  PRIMARY KEY (payment_id),
  UNIQUE KEY payment_id (payment_id),
  KEY location_id (location_id),
  KEY cashier_id (cashier_id),
  CONSTRAINT payment_ibfk_1 FOREIGN KEY (location_id) REFERENCES location (location_id),
  CONSTRAINT payment_ibfk_2 FOREIGN KEY (cashier_id) REFERENCES employee (employee_id)
);

--
-- Table structure for table `payment_item`
--

DROP TABLE IF EXISTS payment_item;
CREATE TABLE payment_item (
  payment_item_id int NOT NULL AUTO_INCREMENT,
  payment_id int NOT NULL,
  product_id int NOT NULL,
  quantity int NOT NULL,
  PRIMARY KEY (payment_item_id),
  UNIQUE KEY payment_item_id (payment_item_id),
  KEY payment_id (payment_id),
  KEY product_id (product_id),
  CONSTRAINT payment_item_ibfk_1 FOREIGN KEY (payment_id) REFERENCES payment (payment_id),
  CONSTRAINT payment_item_ibfk_2 FOREIGN KEY (product_id) REFERENCES product (product_id)
);

--
-- Table structure for table `product`
--

DROP TABLE IF EXISTS product;
CREATE TABLE product (
  product_id int NOT NULL AUTO_INCREMENT,
  shelf_id int NOT NULL,
  product_name varchar(200) NOT NULL,
  price decimal(6,2) NOT NULL,
  brand_name varchar(100) NOT NULL,
  manufacturer_name varchar(100) NOT NULL,
  PRIMARY KEY (product_id),
  UNIQUE KEY product_id (product_id),
  UNIQUE KEY product_name_UNIQUE (product_name),
  KEY shelf_id (shelf_id),
  CONSTRAINT product_ibfk_1 FOREIGN KEY (shelf_id) REFERENCES shelf (shelf_id)
) AUTO_INCREMENT=2017;


INSERT INTO product VALUES 
	(1,1,'(12 Cans) G Fuel FaZeberry, Sugar Free Energy Drink, 16 fl oz',23.75,'G FUEL','G Fuel'),
	(2,2,'Gatorade Thirst Quencher Orange Drink Powder, 51 Oz.',8.38,'Gatorade','The Gatorade Co.'),
	(3,3,'Ritz Original Toasted Chips, 8.1 oz',2.82,'Ritz','Mondelez International, Inc.'),
	(4,4,'Pepperidge Farm Goldfish Crackers, Cheddar, 30 oz. Carton',6.68,'Goldfish','Pepperidge Farm, Inc'),
	(5,5,'Cajun Power Garlic Sauce 8oz',7.49,'Cajun Power','Cajun Power Sauce'),
	(6,6,'Trailer King RST ST205/75R15 Tire',53.37,'Trailer King','Trailer King'),
	(7,7,'Kraft Macaroni & Cheese Dinner with Unicorn Pasta Shapes, 5.5 oz Box',0.98,'Kraft','Kraft Heinz Company'),
	(8,8,'Great Value Vegetable Oil, 48 fl oz',2.38,'Great Value','Great Value'),
	(9,9,'Great Value Olive Oil Cooking Spray, 7 ounces',2.74,'Great Value','Great Value'),
	(10,10,'Straight Talk $35 Unlimited 30-Day Prepaid Plan (5GB of data at high speeds then 2G*) e-PIN Top Up (Email Delivery)',35.00,'Straight Talk','INTERACTIVE COMMUNICATIONS'),
	(11,11,'DOVE PROMISES Milk Chocolate Candy Bag, 8.46-Ounces',3.98,'Dove','Mars Wrigley Confectionery US, LLC'),
	(12,12,'4-Shelf Black Lightweight Shoe Rack',15.99,'Honey-Can-Do','Honey-Can-Do'),
	(13,4,'Honey Maid Honey Graham Crackers, 14.4 oz',3.38,'HONEY MAID','Mondelez International'),
	(14,13,'(12 Cans) Arizona Green Tea with Ginseng and Honey, 11.5 fl oz',3.88,'AriZona','Arizona Beverages USA'),
	(15,14,'Starburst FaveREDS Minis Fruit Chews Candy Bag, 8 oz',2.18,'Starburst','Mars Wrigley Confectionery US, LLC'),
	(16,15,'Kit Kat, Chocolate Wafer Miniatures Candy Valentine\'s Heart Box, 6.4 Oz.',5.00,'KITKAT','The Hershey Company'),
	(17,16,'Jif Creamy Peanut Butter, 40-Ounce Jar',5.78,'Jif','The J.M. Smucker Company'),
	(18,17,'Kettle Brand Potato Chips, Sea Salt and Vinegar Kettle Chips, 8.5 oz',2.98,'Kettle Brand','DISTRIBUTED BY KETTLE BRAND'),
	(19,4,'Cheez-It Baked Snack Cheese Crackers, Original, Family Size, 21oz',4.54,'Cheez-It','Kellogg Company US'),
	(20,19,'JIFFY POP Butter Flavored Popcorn, Stovetop Popping Pan, 4.5 oz.',1.62,'Jiffy Pop','Conagra Brands'),
	(21,20,'Mainstays Salt & Pepper Set, 2-Pieces',4.42,'Mainstays','Mainstays'),
	(22,21,'Downy Infusions Calm, Lavender & Vanilla Bean, 200 ct Dryer Sheets',8.94,'Downy','Procter & Gamble'),
	(23,22,'Ocean Spray White Cranberry Strawberry Juice, 64 Fl. Oz.',2.78,'Ocean Spray','Ocean Spray Cranberries, Inc.'),
	(24,23,'Betty Crocker Scooby Doo Snacks, Fruit Snacks, Value Pack, 20 ct, 16 oz',3.94,'Betty Crocker','Betty Crocker'),
	(25,24,'Atkins Gluten Free Protein-Rich Shake, Milk Chocolate Delight, Keto Friendly, 4 Count (Ready to Drink)',5.98,'Atkins','Atkins Nutritionals, Inc.'),
	(26,25,'OREO Double Stuf Chocolate Sandwich Cookies, Family Size, 20 oz',3.67,'Oreo','Mondelēz International'),
	(27,26,'Gevalia Cafe at Home Mocha Frappe Instant Coffee Specialty Beverage Mix Kit, 8 ct Packets',8.00,'Gevalia','Kraft Heinz Company'),
	(28,27,'Xbox $20 Gift Card, Microsoft, [Digital Download]',5.00,'Microsoft','inComm'),
	(29,28,'Utz Pub Mix 20 oz Barrel',4.62,'Utz','UTZ Quality Foods, Inc.'),
	(30,29,'Kellogg\'s Special K Protein Shakes, Strawberry, Gluten Free Fiber Meal Replacement, 4ct 40fl oz',5.56,'Special K','Kellogg Company US'),
	(31,3,'Gardetto\'s Original Recipe Snack Mix, 14.5 oz',2.98,'Gardetto\'s','GENERAL MILLS SALES INC.'),
	(32,30,'Athletic Works Women\'s Capris with Side Pockets',12.96,'Athletic Works','Athletic Works'),
	(33,5,'Thai Kitchen Gluten Free Green Curry Paste, 4 oz',2.56,'Thai Kitchen','McCormick & Company'),
	(34,31,'Apple $25 Gift Card - App Store, Apple Music, iTunes, iPhone, iPad, AirPods, accessories and more (Email Delivery)',25.00,'ONLINE','INTERACTIVE COMMUNICATIONS'),
	(35,32,'Depend Incontinence Guards/Bladder Control Pads for Men, Maximum, 104 Count (2 Packs of 52)',32.24,'Depend','DEPEND'),
	(36,33,'Golden State Fruit Cheese, Nuts & Fresh Fruit Gift Basket',38.00,'Golden State Fruit','Golden State Fruit'),
	(37,34,'PlayStation Store $10 Gift Card, Sony, PlayStation 4 [Digital Download]',10.00,'Sony','INTERACTIVE COMMUNICATIONS'),
	(38,4,'Good Thins Simply Salt Gluten Free Rice Crackers, 3.5 oz',2.18,'Good Thins','Mondelez International'),
	(39,35,'smartwater vapor distilled premium water bottles, 1L, 6 Pack',8.48,'Glaceau Smartwater','The Coca-Cola Company'),
	(40,36,'FIJI Natural Artesian Water,16.9 Fl Oz, 24 Ct',22.98,'FIJI Water','Fiji Water'),
	(41,22,'Capri Sun Fruit Punch Naturally Flavored Juice Drink Blend, 10 ct Box, 6 fl oz Pouches',2.22,'Capri Sun','Kraft Heinz Company'),
	(42,37,'Snyder\'s of Hanover Pretzel Snaps, 16 oz',2.90,'Snyder\'s of Hanover','DISTRIBUTED BY: S-L SNACKS NATIONAL, LLC'),
	(43,38,'Nutrisystem® Body Select™ Belly Buster 5-Day Weight Loss Kit: Delicious Meals with SmartCarb Nutrition to Help You Lose Weight',44.98,'Nutrisystem','Nutrisystem Everyday, LLC'),
	(44,39,'Bugles Original Flavor Crispy Corn Snacks, 14.5 oz',2.98,'Bugles','GENERAL MILLS SALES INC.'),
	(45,40,'Slim Jim Snack-Sized Smoked Meat Stick, Original Flavor, Keto Friendly Snack Stick, 0.28 Oz, 46 Count',8.62,'Slim Jim','Conagra Brands'),
	(46,41,'Ensure Original Nutritional Drink, Vanilla, 8 fl oz, 16 Count',19.84,'Ensure','Abbott Laboratories,ABBN7'),
	(47,42,'Garden Veggie Straws, Sea Salt, 14 oz',4.48,'Sensible Portions','The Hain Celestial Group'),
	(48,43,'Grady\'s Cold Brew Decaf Iced Coffee Bean Bag Can, New Orleans Style (4 count, 8 ounces)',9.87,'Grady\'s Cold Brew','Grady\'s Cold Brew'),
	(49,44,'Weber Jumbo Joe Premium 22\" Black Charcoal Grill',79.99,'Weber','Weber Stephen Products'),
	(50,45,'Melitta #4 Natural Brown Cone Coffee Filters, 100 Ct - 3 Pack',27.99,'Melitta','Melitta'),
	(51,46,'Starbucks Medium Roast Whole Bean Coffee — Pike Place Roast — 100% Arabica — 1 bag (20 oz.)',11.98,'Starbucks','Starbucks'),
	(52,26,'Folgers Classic Decaf Instant Coffee Crystals, 8 Ounce Easy-Open Flip-Top Jar',6.14,'Folgers','The J.M. Smucker Company'),
	(53,47,'Mainstays Seagrass & Paper Rope Baskets, Set of 2, 12\" and 10.25\", Storage',27.93,'Mainstays','Mainstays'),
	(54,48,'January 2021-December 2022 Monthly Planner, 8.5\"x11\", See It Bigger, Floral',6.84,'PlanAhead','PlanAhead'),
	(55,49,'V8 Strawberry Banana, 8 oz., 6 pack',7.96,'V8','Campbell Soup Company'),
	(56,50,'Eight O\'Clock 100% Colombian Peaks Whole Bean Coffee 33 Oz. Bag',10.66,'Eight O\'Clock','EIGHT O\'CLOCK COFFEE'),
	(57,51,'Kellogg\'s Corn Flakes Crumbs, Original, Fat-Free, 21oz',3.68,'Kellogg\'s Corn Flakes','Kellogg Company US'),
	(58,52,'Handi-Snacks Premium Breadsticks \'N Cheesy Dip Snack Packs, 6 - 1.1 oz Packs',2.98,'Handi-Snacks','Mondelez International'),
	(59,16,'Hellmann\'s Real Mayonnaise Real Mayo, 30 oz',3.77,'Hellmann\'s','Unilever Best Foods - North America'),
	(60,3,'Cheetos Crunchy Cheese Flavored Snacks, Party Size, 15 oz Bag',3.98,'Cheetos','Frito-Lay'),
	(61,53,'Gold Peak Sweetened Black Iced Tea Drink, 16.9 fl oz, 6 Pack',5.48,'Gold Peak','The Coca-Cola Company'),
	(62,73,'Black Forest Juicy Burst Mixed Fruit Medley Fruit Snacks, 0.8 oz, 28 Count',3.98,'Black Forest','Black Forest'),
	(63,55,'Boca Java Guatemalan Adventure Single Origin Whole Bean Coffee,  Medium Roast, 8 oz. Bag, 100% Arabica, Roast to Order',8.44,'Boca Java','Luna Gourmet Coffee & Tea Company'),
	(64,22,'Welch\'s Healthy Heart 100% Grape Juice, 64 fl oz',3.28,'Welch\'s','WELCH FOODS INC.'),
	(65,37,'Snack Factory Pretzel Crisps Gluten Free, Original Flavor, 5 oz',2.24,'Pretzel Crisps','DISTRIBUTED BY: S-L SNACKS NATIONAL, LLC'),
	(66,56,'Entenmann’s Little Bites Chocolate Chip Muffins, 5 Pouches per Box',11.40,'Entenmann\'s','Bimbo Bakeries USA'),
	(67,57,'Child of Mine by Carter\'s Toddler Girl Floral Cardigan, T-shirt & Pants, 3pc Outfit Set',8.00,'Child of Mine by Carter\'s','Child of Mine by Carter\'s'),
	(68,2,'(10 Packets) Propel Powder Packets With Electrolytes, Vitamins and No Sugar, Grape, 0.08 oz',1.98,'Propel','Gatorade'),
	(69,58,'Pacific Foods Hemp Original Unsweetened Plant-Based Beverage, 32oz',3.51,'Pacific Foods','PACIFIC FOODS OF OREGON, LLC'),
	(70,24,'Atkins Gluten Free Protein-Rich Shake, Cafe Caramel, Keto Friendly, 12 Count (Ready to Drink)',17.89,'Atkins','Atkins Nutritionals, Inc.'),
	(71,59,'Bertolli® Alfredo with Aged Parmesan Cheese Sauce, 15 oz.',2.12,'Bertolli','R & B Foods'),
	(72,60,'Bigelow Assorted Herbal Teas, Tea Bags, 18 Ct (4 Boxes)',10.68,'Bigelow Tea','R C Bigelow Inc'),
	(73,61,'Germ-X Hand Sanitizer, Fresh Citrus, 8oz',2.27,'Germ-X','VI-JON INC.'),
	(74,45,'Keurig My K-Cup Universal Reusable Filter MultiStream Technology',9.97,'Keurig','keurig'),
	(75,62,'Folgers Caramel Drizzle Flavored Coffee, 24 Keurig K-Cup Pods',12.94,'Folgers','The J.M. Smucker Company'),
	(76,52,'Snack Factory Pretzel Crisps Original Flavor, Large Party Size, 14 oz',3.68,'Pretzel Crisps','DISTRIBUTED BY: S-L SNACKS NATIONAL, LLC'),
	(77,63,'(Pack of 3) Hershey\'s, Milk Chocolate Candy Giant Bar, 7 Oz.',8.44,'Hershey\'s','The Hershey Company'),
	(78,64,'Thomas\' Plain Original Pre-Sliced Bagels, 6-Count',10.99,'Thomas\'','Bimbo Bakeries USA'),
	(79,65,'Cloralen 3 In 1 Power Bleach, 121 Ounces',1.97,'CLORALEN','AlEn USA'),
	(80,66,'Lipton Unsweetened Iced Tea Mix 30 qt',3.47,'Lipton','Unilever'),
	(81,67,'Seattles Best Coffee Signature Blend No. 5 Dark Roast Whole Bean Coffee 12-Ounce Bag',5.98,'Seattle\'s Best Coffee','SEATTLE\'S BEST COFFEE.'),
	(82,29,'Muscle Milk Pro Series Protein Shake, 32g Protein, Knockout Chocolate, 11 Fl Oz, 4 Count',6.96,'Muscle Milk','QTG'),
	(83,62,'Caribou Coffee Daybreak Morning Blend, Keurig Single-Serve K-Cup Pods, Light Roast, 24 Count',12.94,'Caribou Coffee','keurig'),
	(84,40,'Great Value Original Beef Jerky Value Pack, 10 oz',9.94,'Great Value','Great Value'),
	(85,68,'Quaker Chewy Granola Bars, 3 Flavor Variety Pack (58 Pack)',11.23,'Quaker','Quaker Oats'),
	(86,66,'Traditional Medicinals Smooth Move Laxative Tea Bags Organic, 16 CT (Pack - 3)',16.93,'Traditional Medicinals','Traditional Medicinals'),
	(87,69,'Starburst, Skittles, Lifesavers Assorted Pinata Chewy Candy Variety Bag-80ct',6.98,'Mixed','Mars Wrigley Confectionery US, LLC'),
	(88,70,'Core Innovations CLT146401 14.1\" Laptop with Windows 10 S, Intel Atom 4GB RAM 64GB Flash Storage (Black)',249.99,'Core Innovations','DP AUDIO VIDEO'),
	(89,71,'100 SToK Caffeinated Unsweetened Black Coffee Shots.',19.79,'Stok','Stok'),
	(90,72,'Straight Talk $55 ULTIMATE UNLIMITED 30-Day Plan e-PIN Top Up (Email Delivery)',55.00,'Straight Talk','inComm'),
	(91,73,'Great Value Original Fruit Smiles, 0.9 oz, 50 Count',5.98,'Great Value','Great Value'),
	(92,74,'Ghirardelli Christmas Travel Mugs in 3 Assorted Colors 3.7 oz, 9 Pieces',19.99,'Bay Island','Bay Island'),
	(93,75,'SlimFast Keto Fat Bomb Snack Cup, Mint Chocolate, 14 Count',9.98,'SlimFast','SlimFast'),
	(94,76,'DAVID Original Salted and Roasted Jumbo Sunflower Seeds, 16 oz Resealable Bag',2.98,'DAVID Seeds','Conagra Brands'),
	(95,77,'Mainstays Marjorie Crushed Sheer Voile Grommet White Curtain Panel',8.87,'Mainstays','S. Lichtenberg'),
	(96,41,'Ensure Enlive Meal Replacement Shake, 20g Protein, 350 Calories, Advanced Nutrition Protein Shake, Vanilla, 8 fl oz, 12 Bottles',23.97,'Ensure','Abbott Laboratories,ABBN7'),
	(97,30,'Athletic Works Women\'s Dri-More Core Athleisure Relaxed Fit Yoga Pants Available in Regular and Petite',15.96,'Athletic Works','Athletic Works'),
	(98,66,'Lipton Natural Energy Premium Black Tea K-Cup Pods Made With Real Tea Leaves, 12 Ct',7.48,'Lipton','Unilever'),
	(99,66,'Celestial Seasonings 5 Flavors Fruit Tea Sampler Herbal Tea Bags, 18 count, 1.4 oz',2.37,'Celestial Seasonings','Wal-Mart Stores, Inc.'),
	(100,78,'Del Monte Fruit & Chia, Pears in Blackberry Flavored Chia, 7 Oz, 2 Ct',2.08,'Del Monte','Del Monte'),
	(101,79,'Keurig® 35ct K-Cup Pod Under Brewer Rolling Storage Drawer, K-Cup Pod Organizer Holds 35 Coffee Pods, Fits Under Keurig K-Cup Pod Coffee Makers, Black',26.99,'Keurig','keurig'),
	(102,16,'Sweet Baby Ray\'s Barbecue Sauce 18 oz',1.97,'Sweet Baby Ray\'s','Sweet Baby Ray\'s'),
	(103,2,'Great Value Sugar-Free Drink Mix, Strawberry Watermelon, 0.42 Oz, 6 Ct',1.68,'Great Value','Great Value'),
	(104,80,'BUNN, BUNBCF250,Commercial Coffee Filters, 250 / Box, White',11.09,'BUNN','Bunn-O-Matic Corporation'),
	(105,81,'Califia Farms Unsweetened Almondmilk Barista Blend, 32 Oz | Dairy Free | Whole30 | Keto | Vegan | Plant Based | Nut Milk | Non-GMO',10.74,'Califia Farms','Califia Farms'),
	(106,82,'Comfort Zone 750/1,500-Watt Fan-Forced Oscillating Electric Portable Heater, White',11.83,'Comfort Zone','H2 Brands Group'),
	(107,83,'Basic Blue Walmart Gift Card',50.00,'Walmart','WALMART'),
	(108,84,'Haribo Starmix Gummy Candy Bag, 4 Oz',1.00,'Haribo','Haribo'),
	(109,4,'Wheat Thins Original Whole Grain Wheat Crackers, Family Size, 16 oz',2.47,'Wheat Thins','Mondelez International'),
	(110,85,'Postum Caffeine-Free Instant Coffee Substitute, Original Flavor, 8 oz Jar',11.75,'Postum','Elizas Quest Foods LLC'),
	(111,86,'Retro Slinky the Original Walking Spring Toy, Silver Metal Slinky, Ages 5+',3.00,'SLINKY','SLINKY'),
	(112,87,'Ruffles Cheddar & Sour Cream Flavored Potato Chips, 2.5 oz Bag',1.74,'Ruffles','Frito-Lay, Inc.'),
	(113,4,'Nut Thins Cracker Crisps, Hint of Sea Salt, 4.25 oz Box',2.54,'Blue Diamond','Blue Diamond Growers'),
	(114,88,'Bike Assembly | At-Home Service by Handy',49.00,'Handy','Handy'),
	(115,89,'Coca-Cola Soda Soft Drink, 12 fl oz, 24 Pack',8.78,'Coca-Cola','The Coca-Cola Company'),
	(116,28,'Chex Mix Traditional Savory Snack Mix, 17.5 oz',4.98,'Chex Mix','GENERAL MILLS SALES INC.'),
	(117,73,'Mott\'s Medleys, Assorted Fruit Snacks, Gluten Free, 32 oz',5.88,'Mott\'s','Mott\'s'),
	(118,90,'Eternal Energy Premium Energy Shot, Tropical Punch, 1.93 fl oz, 6 Count',4.48,'Eternal Energy','LXR Biotech, LLC.'),
	(119,87,'Pringles Potato Crisps Chips, Sour Cream and Onion, Snacks On The Go, 5.5oz',1.48,'Pringles','Kellogg Company US'),
	(120,91,'Howard 30\" Backless Metal Bar Stool, Set of 4, Multiple Colors, (Gunmetal, Black, Silver, Red)',99.00,'Howard','Saigon Furniture'),
	(121,92,'Canada Dry Ginger Ale Soda, 12 fl oz cans, 12 pack',3.68,'Canada Dry','Dr Pepper/Seven Up, Inc'),
	(122,93,'Great Value Organic Colombia Coffee Single Serve Cups, Medium Dark Roast, 5.08 oz, 12 Count',5.30,'Great Value','Great Value'),
	(123,94,'Cheetos Puffs Cheese Flavored Snacks, Party Size, 13.5 oz Bag',3.98,'Cheetos','Frito-Lay'),
	(124,16,'Great Value Clover Raw Honey, 32 oz',7.93,'Great Value','Walmart Inc.'),
	(125,39,'Funyuns Onion Flavored Rings, 6 oz Bag',3.68,'Funyuns','Frito-Lay, Inc.'),
	(126,95,'Eight O\'Clock The Original Whole Bean Coffee 36 Oz. Bag',10.66,'Eight O\'Clock','EIGHT O\'CLOCK COFFEE'),
	(127,35,'Nestle Pure Life Purified Water, 16.9 fl oz. Plastic Bottled Water (Pack of 32)',3.98,'Pure Life','BlueTriton Brands, Inc.'),
	(128,62,'Great Value French Vanilla Cappuccino Mix Coffee Pods, 12 Count',3.92,'Great Value','Great Value'),
	(129,96,'(Pack of 8) Gerber Mealtime Harvest Bowls, Brown Rice, Yellow and Red Bell Pepper and Sweet Corn in a Spanish-Style Sofrito Sauce, 4.5 oz Tray',15.52,'Gerber','Nestle USA'),
	(130,73,'Great Value Dried Mango, Sweetened, 6 oz',3.93,'Great Value','Great Value'),
	(131,26,'(12 Pack) Frozen Bean Mocha Latte Frappe Mix Instant Coffee Packets, 2.8 oz Bag',20.98,'Frozen Bean','The FrozenBean Inc'),
	(132,98,'HERDEZ Salsa Verde, 16 oz',1.98,'Herdez','Herdez'),
	(133,66,'Teavana Peach Tranquility Herbal Tea Tea Bags 15 Count',5.47,'Teavana','Starbucks'),
	(134,1,'CELSIUS Sparkling Orange Fitness Drink, Zero Sugar, 12oz. Slim Can, 12 Pack',33.00,'Celsius','Celsius, Inc.'),
	(135,99,'CARNATION BREAKFAST ESSENTIALS HIGH PROTEIN Rich Milk Chocolate 12-8 fl. oz. Bottles',14.38,'Carnation Breakfast Essentials','Nestle Health Science'),
	(136,26,'Maxwell House The Original Roast Instant Coffee, 8 oz Jar',4.98,'Maxwell House','Kraft Heinz Company'),
	(137,40,'Jack Links Bacon Jerky, Hickory Smoked. Meat Protein Snack, 2.5oz',3.98,'Jack Link\'s','Link Snacks, Inc.'),
	(138,100,'M&M\'S Peanut Milk Chocolate Summer Candy Sharing Size - 10.7oz',3.38,'M&M\'S','Mars Wrigley Confectionery US, LLC'),
	(139,101,'Folgers Classic Roast Ground Coffee, 48-Ounce',9.96,'Folgers','The J.M. Smucker Company'),
	(140,102,'Grill Assembly by Handy',59.00,'Handy','Handy'),
	(141,103,'Simply Orange Pulp Free Orange Juice, 52 fl oz',10.89,'simply...','The Coca-Cola Company'),
	(142,26,'Community Coffee Signature Blend Instant 7 Ounce Jar',5.82,'Community Coffee','Community Coffee Company'),
	(143,26,'Café Bustelo, Espresso Style Dark Roast Instant Coffee, 7.05 oz.',5.70,'Cafe Bustelo','The J.M. Smucker Company'),
	(144,13,'Ito En Oi Ocha Unsweetened Green Tea, Zero Calories, No Additives, Brewed From Whole Green Tea Leaves, 16.9 Fl Oz. Bottles (12-Pack)',14.23,'ITO EN','Ito En'),
	(145,92,'Mountain Dew, 12 oz Cans, 24 Count',7.68,'Mountain Dew','Pepsico'),
	(146,66,'Tazo Classic Chai Latte Concentrate Black Tea 32 oz',3.28,'Tazo','Unilever'),
	(147,62,'Café Bustelo Café con Leche Flavored Espresso Style Coffee, 24 Keurig K-Cup Pods',12.94,'Cafe Bustelo','The J.M. Smucker Company'),
	(148,37,'Great Value Peanut Butter Filled Pretzel Nuggets Canister, 18 oz',4.42,'Great Value','Great Value'),
	(149,104,'On The Border Cafe Style Tortilla Chips, 18 Oz.',2.98,'On The Border','Truco Enterprises, Lp'),
	(150,62,'Community Coffee New Orleans Blend® Pods for Keurig K-cups 24 Count',12.94,'Community Coffee','Community Coffee Company'),
	(151,105,'The Coffee Bean & Tea Leaf Costa Rica Medium Whole Bean Coffee 12 oz. Bag',5.83,'The Coffee Bean & Tea Leaf','The Coffee Bean & Tea Leaf'),
	(152,16,'Smucker\'s Squeeze Strawberry Fruit Spread, 20-Ounce',2.47,'Smucker\'s','The J.M. Smucker Company'),
	(153,37,'Utz Original Sourdough Specials Pretzels 28 oz Barrel',5.84,'Utz','UTZ Quality Foods, Inc.'),
	(154,58,'Pacific Foods Organic Unsweetened Almond Original Plant-Based Beverage, 32oz',2.68,'Pacific Foods','PACIFIC FOODS OF OREGON, LLC'),
	(155,26,'Starbucks VIA Instant Coffee Medium Roast Packets — Sweetened Iced Coffee — 1 box (6 packets)',5.36,'Starbucks','Starbucks'),
	(156,106,'Hershey\'s Milk Chocolate Hot Cocoa Mix with Real Milk, 6 ct Packets',2.93,'Hershey\'s','Kraft Heinz Company'),
	(157,107,'Airborne Citrus Chewable Tablets, 32 count - 1000mg of Vitamin C - Gluten-Free Immune Support Supplement and High in Antioxidants (Packaging May Vary)',6.97,'Airborne','Reckitt Benckiser'),
	(158,108,'Atkins Endulge Treat, Chocolate Peanut Candies, Keto Friendly, 5 Count',5.98,'Atkins','Atkins Nutritionals, Inc.'),
	(159,109,'Karma Probiotic Water, Berry Cherry, 18 Fl Oz',1.78,'KARMA','Karma Culture'),
	(160,22,'Ocean Spray 100% Juice,Cranberry, 101.4 Fl. Oz.',5.28,'Ocean Spray','Ocean Spray Cranberries Inc'),
	(161,110,'Campbell\'s Condensed Cream of Chicken Soup, 10.5 Ounce Can',0.94,'Campbell\'s Condensed','Campbell Soup Company'),
	(162,111,'Starburst Original Jelly Beans Chewy Candy - 14oz',2.70,'Starburst','Mars Wrigley Confectionery US, LLC'),
	(163,112,'Smartfood White Cheddar Popcorn, 6.75 oz Bag',2.98,'Smartfood','Smartfoods'),
	(164,113,'$25 You’re Awesome Vanilla eGift Visa® Virtual Account (email delivery)',28.44,'Visa','inComm'),
	(165,114,'Altoids Classic Peppermint Breath Mints, 1.76 Ounce Tin',1.78,'Altoids','Altoids'),
	(166,115,'Protein2o Protein Infused Water, Harvest Grape, 15g Protein, 12 Ct',16.67,'Protein2o','Protein2o'),
	(167,116,'Straight Talk Keep Your Own Phone Mini SIM Pack Universal Tri-punch Bundle',0.99,'Straight Talk','Straight Talk'),
	(168,117,'TV Wall Mounting and Installation (mount not included)',79.00,'Handy','Handy'),
	(169,8,'Great Value Pure Granulated Sugar, 10 lb',4.78,'Great Value','Great Value'),
	(170,118,'hello Activated Charcoal Whitening Fluoride Toothpaste, Fresh Mint + Coconut Oil, Vegan & SLS Free',4.82,'Hello','Hello'),
	(171,119,'Crystal Geyser Alpine Spring Water, 1 Gal',0.98,'Crystal Geyser','CG Roxane'),
	(172,31,'Google Play $50 (Email Delivery - Limit 2 codes per order)',50.00,'Google','Google'),
	(173,120,'George Men\'s Wrinkle Resistant Flat Front',15.88,'GEORGE','GEORGE'),
	(174,121,'Straight Talk $90 ULTIMATE UNLIMITED 2-line 30-Day Plan plus 10GB Hotspot Data per line e-PIN Top Up (Email Delivery)',90.00,'Straight Talk','inComm'),
	(175,122,'Mainstays Classic Nightstand with Drawer, Rustic Oak',49.00,'Mainstays','Ameriwood Industries'),
	(176,73,'Welch\'s Mixed Fruit Snacks Value Pack, 0.9 Oz., 40 Count',7.27,'Welch\'s','Welch\'s'),
	(177,123,'Fritos Jalapeno Cheddar Flavored Cheese Dip, 9 oz',2.98,'Fritos','Frito-Lay, Inc.'),
	(178,24,'Atkins Snack Bar, Caramel Chocolate Nut Roll Bar, Keto Friendly, 5 Count',5.98,'Atkins','Atkins Nutritionals, Inc.'),
	(179,2,'Great Value Sugar-Free Lemonade Drink Mix, 0.53 Oz., 6 Count',1.68,'Great Value','Great Value'),
	(180,26,'Hills Bros.® Instant Cappuccino French Vanilla Coffee Mix, 16 oz. Canister',3.17,'Hills Bros. Coffee','Massimo Zanetti Beverage Usa'),
	(181,63,'Lindor Assorted Truffles Platinum Bag, 15.2 oz (2-Pack)',31.97,'LINDOR','Lindt'),
	(182,124,'Brawny Paper Towels, Tear-A-Square, 6 Double',11.98,'Brawny','Georgia-Pacific Consumer Products Lp'),
	(183,28,'Frito-Lay Flavor Mix Snacks Variety Pack, Party Size, 28 Count',10.74,'Frito-Lay','Frito Lay'),
	(184,89,'Diet Coke Soda Soft Drink, 12 fl oz, 24 Pack',8.78,'Diet Coke','The Coca-Cola Company'),
	(185,8,'(8 Pack) Arm & Hammer Baking Soda Fridge-N-Freezer, 14 oz',49.99,'Arm & Hammer','Arm & Hammer'),
	(186,126,'MOBI Health Check Ear and Forehead Thermometer | Medication Reminder and Flashlight | Digital Fever Thermometer',17.98,'Mobi','MOBI'),
	(187,26,'Folgers Classic Roast Instant Coffee Crystals, 12 Ounce Easy-Open Flip-Top Jar',7.73,'Folgers','The J.M. Smucker Company'),
	(188,127,'Atkins Gluten Free Protein-Rich Shake, Strawberry, Keto Friendly, 4 Count (Ready to Drink)',5.98,'Atkins','Atkins Nutritionals, Inc.'),
	(189,66,'Twinings of London Chai Tea Bags , 20 Ct., 1.41 oz.',3.26,'Twinings','TWININGS NORTH AMERICA'),
	(190,39,'Fritos Scoops! Corn Snacks, Party Size, 15.5 oz Bag',3.98,'Fritos','Frito-Lay'),
	(191,16,'Great Value Yellow Mustard, 20 oz',1.00,'Great Value','Great Value'),
	(192,1,'(12 Cans) Red Bull Energy Drink, 8.4 fl oz',18.73,'Red Bull','Red Bull'),
	(193,9,'Crisco Pure Vegetable Oil, 48 fl oz',2.96,'Crisco','The J.M. Smucker Company'),
	(194,128,'Arm & Hammer Fridge Fresh Refrigerator Air Filter',2.18,'Arm & Hammer','Church & Dwight Co., Inc.'),
	(195,78,'Campbell\'s SpaghettiOs Pasta with Meatballs, 15.6 Ounce Can',0.98,'Pepperidge Farm','Campbell Soup Company'),
	(196,87,'Lay\'s Classic Potato Chips, Party Size, 13 oz Bag',3.57,'Lay\'s','Frito-Lay'),
	(197,129,'Boca Java Ocean Drive Whole Bean Coffee, Light Roast, 8 oz. Bag, 100% Arabica, Roast to Order',8.44,'Boca Java','Luna Gourmet Coffee & Tea Company'),
	(198,71,'Dunkin\' Donuts Original Iced Coffee Bottle, 13.7 fl oz',2.28,'Dunkin\'','The Coca-Cola Company'),
	(199,130,'Nestle Coffee mate French Vanilla Powder Coffee Creamer 15 oz.',3.52,'Coffeemate','Nestle USA'),
	(200,64,'Kodiak Cakes Muffin Unleashed, Blueberry Muffin in a Cup, 2.29 Oz',1.78,'Kodiak Cakes','Kodiak Cakes'),
	(201,63,'Sun-Maid Yogurt Raisins, Dark Chocolate, 6 ct, 1 oz',2.68,'Sun-Maid','Sun-Maid(R) Growers of California'),
	(202,26,'NESCAFE TASTERS CHOICE House Blend Medium Light Roast Instant Coffee 6-0.1 oz. Box',1.00,'NESCAFÉ Taster\'s Choice','Nestlé USA, Inc.'),
	(203,17,'Cape Cod Potato Chips, Less Fat Original Kettle Cooked Chips, Party Size 14 oz',3.98,'Cape Cod','DISTRIBUTED BY CAPE COD'),
	(204,131,'Cheetos Crunchy Flamin\' Hot Cheese Flavored Snacks, Party Size, 15 oz Bag',3.98,'Cheetos','Frito-Lay, Inc.'),
	(205,51,'Crock-Pot Hearty Beef Stew Seasoning Mix, 1.5 Oz',1.88,'Crock-Pot','B&G Foods, Inc'),
	(206,62,'Great Value Donut Shop 100% Arabica Medium Ground Coffee, 0.38 oz, 12 count',3.92,'Great Value','Great Value'),
	(207,129,'Boca Java Chocolate Hazelnut Heaven Flavored Whole Bean Coffee, 8 oz. Bag, Roast to Order',8.44,'Boca Java','Luna Gourmet Coffee & Tea Company'),
	(208,15,'Almond ROCA Christmas Canister, 29 oz, 66 pieces',15.99,'Brown & Haley','BROWN & HALE'),
	(209,132,'First Nature Hummingbird Feeder, 16 oz',3.67,'First Nature','Daisy Manufacturing Company'),
	(210,133,'Straight Talk Samsung Galaxy J2, 16GB, Black - Grade A Refurbished Prepaid Smartphone',19.88,'Samsung','SAMSUNG'),
	(211,134,'Starbucks Dark Roast Whole Bean Coffee — Espresso Roast — 1 bag (20 oz.)',11.98,'Starbucks','Starbucks'),
	(212,135,'Head and Shoulders Supreme Conditioner, Soothe and Strengthen, 9.4 Oz',8.97,'Head & Shoulders','Head & Shoulders'),
	(213,136,'Maybelline Color Sensational Shaping Lip Liner Makeup, Magnetic Mauve, 0.01 oz.',6.98,'Maybelline','Maybelline'),
	(214,137,'Bed Head Tourmaline Ceramic 1/2\" Flat Iron, Tourquoise',20.99,'Bed Head','Helen Of Troy'),
	(216,138,'Hero Cosmetics Mighty Patch Acne Patches Original, 36 count',12.50,'Hero Cosmetics','Hero Cosmetics'),
	(218,139,'AXE Dual Action Body Spray Deodorant for Men, Apollo Sage & Spray Formulated without Aluminum, 5.1 oz',5.64,'Axe','Unilever'),
	(219,140,'Gillette Fusion5 Mens Razor Handle and 2 Blade Refills',9.97,'Gillette','Procter & Gamble'),
	(221,141,'Benadryl Extra Strength Itch Relief Cream, Topical Analgesic, 1 oz',7.29,'Benadryl','Benadryl'),
	(222,142,'OPI ~ I JUST CANT COPE-ACABANA (NLA65) ~ 0.5 OZ',10.99,'OPI','OPI'),
	(223,143,'Aveeno Clear Complexion Foaming Facial Cleanser, Oil-Free, 6 fl. oz',6.97,'Aveeno','Johnson & Johnson'),
	(224,144,'HASK Invigorating Sulfate-Free Hair & Scalp Treatment Mask with Tea Tree Oil & Rosemary, 1.75 oz',1.77,'Hask','Inspired Beauty Brands, Inc.'),
	(225,145,'Revlon Pro Collection Extra Long Hair Straightening Brush, Black',43.99,'Revlon','Helen Of Troy'),
	(226,146,'wet n wild Mega Last Matte Lip Color, Cherry Picking',1.98,'wet n wild','Markwins Beauty Brands'),
	(227,147,'Ariana Grande Sweet Like Candy Body Mist, Body Spray for Women, 8 Oz',9.88,'Ariana Grande','Luxe Brands'),
	(228,148,'Just For Men Mustache & Beard, Beard Coloring for Gray Hair with Brush Included, Blond, M-10/15',9.66,'Just For Men','Combe'),
	(229,149,'Milani Powder Blush, Coral Cove',6.20,'Milani','MILANI'),
	(230,150,'Herbal Essences Bio:Renew Repair Conditioner, Argan Oil, 13.5 fl oz',5.97,'Herbal Essences','Herbal Essences'),
	(231,151,'Evolve Detangling Brush for Curly & Wavy Hair, Pink',4.97,'evolve clothing gallery','Firstline Inc.'),
	(232,152,'($72 Value) IMAGE Skincare Vital C Hydrating Repair Face Cream, 2 Oz',38.00,'Image Skin Care','Image Skin Care'),
	(233,153,'HASK Biotin Thickening Sulfate-Free Conditioner with Biotin, Collagen, & Coffee, 12 fl oz',4.77,'Hask','Hask'),
	(234,154,'Conair Wild Primrose Conair Multi Styler, Ionic Technology Hot Hair Brush',39.97,'Conair','Conair Corporation'),
	(236,155,'Pond\'s Dark Spot Corrector Clarant B3 Normal to Oily Skin, 7 oz',8.12,'POND\'S','Unilever'),
	(237,156,'($138 Value) Pureology Hydrate Shampoo And Conditioner Liter Set, 33.8 Fl Oz',91.00,'Pureology','Pureology'),
	(238,157,'Laneige Lip Sleeping Mask Berry, 0.70 Fl Oz',15.25,'Laneige','Laneige'),
	(239,158,'Neutrogena Age Shield Face Oil-Free Sunscreen SPF 70, 3 fl. oz',8.97,'Neutrogena','Johnson & Johnson'),
	(240,159,'Remington Virtually Indestructible Barbershop Clipper, 15-piece Haircut Kit, Yellow, HC5855',27.25,'Remington','Remington'),
	(241,160,'Maybelline SuperStay 24 2-Step Liquid Lipstick Makeup, Stay Scarlet, 1 kit',28.22,'Maybelline','Maybelline'),
	(242,161,'Elizabeth Taylor White Diamonds Eau de Toilette Spray, 1.0 oz',23.97,'Elizabeth Taylor','Elizabeth Taylor'),
	(244,162,'HOT TOOLS Signature Series Gold 3/4\" Curling Iron, Gold and Black',33.97,'Hot Tools','Helen Of Troy'),
	(246,135,'Herbal Essences Color Me Happy Conditioner, Paraben Free, 29.2 fl oz',5.97,'Herbal Essences','Herbal Essences'),
	(247,163,'Jovan Musk Perfume for Women, 2 Oz Full Size',9.50,'Jovan','Hfc Prestige International Us Llc'),
	(249,164,'Clean & Clear Oil-Free Deep Action Cream Facial Cleanser, 1 oz',0.97,'Clean & Clear','Johnson & Johnson'),
	(250,135,'Herbal Essences Body Envy Volume Conditioner, Paraben Free, 29.2 fl oz',5.97,'Herbal Essences','Herbal Essences'),
	(251,137,'Conair Double Ceramic Curling Iron, 1\", Rose Gold',12.17,'Conair','Conair'),
	(252,165,'Rimmel Exaggerate Eye Definer Pencil, Deep Ocean, 0.009 oz',4.44,'Rimmel','Hfc Prestige International Us Llc'),
	(253,137,'Andis Bonnet Hair Dryer 40 Inch Flexible Hose Hair Dryers, Black',39.96,'Andis','Andis'),
	(254,166,'Maybelline Dream Matte Mousse Foundation, Classic Ivory, 0.64 oz.',6.95,'Maybelline','Maybelline'),
	(255,167,'Ariana Grande Cloud Eau De Perfume for Women, 3.4 oz',42.99,'Ariana Grande','Ariana Grande'),
	(256,168,'ChapStick Skin Protectant Moisturizer Lip Balm, Original, 0.15 Oz, 3 Pack',3.23,'ChapStick','ChapStick'),
	(257,169,'Equate Hydrocortisone 1% Anti-Itch Cream Plus 10 Moisturizers, relieves itching associated with poison ivy, oak, sumac; insect bites and other minor skin irritations, inflammation and rashes , 4 oz',6.98,'Equate','Equate'),
	(258,170,'wet n wild MegaWear Mascara, Very Black',0.98,'wet n wild','wet n wild'),
	(259,171,'HASK Biotin Thickening Sulfate-Free Shampoo with Biotin, Collagen, & Coffee, 12 fl oz',4.77,'Hask','Hask'),
	(260,172,'Dove Beauty Bar White, 3.75 Oz., 12 Bars',12.97,'Dove','Dove'),
	(261,146,'wet n wild Perfect Pout Gel Lip Liner, I Got The Juice',2.98,'wet n wild','Markwins Beauty Products'),
	(262,173,'Dashing Diva GLOSS Gel Nail Polish Strips (Red), Inside Edition, 34 strips',6.97,'Dashing Diva','Dashing Diva'),
	(263,174,'($37.99 Value) It\'s A 10 Miracle Leave-In Conditioner Product, 10 Oz',26.99,'It\'s a 10','It\'s a 10'),
	(265,175,'Aussie Miracle Moist Shampoo and Conditioner Hair Set, 26.2 fl oz',9.82,'Aussie','Aussie'),
	(266,166,'e.l.f. Flawless Finish Foundation, Beige - 0.68 fl. oz.',3.00,'e.l.f. Cosmetics','e.l.f. Cosmetics'),
	(267,176,'Bed Head Tourmaline Ceramic Deep Hair Waver, Turquoise',24.86,'Bed Head','Helen Of Troy'),
	(268,177,'Disney Mickey Mouse 19-Inch Plush, Plush Basic, Ages 2 Up And Up',19.99,'Mickey Mouse','Just Play'),
	(271,142,'Color Club Serendipity Dip Powder Starter Kits (Classic)',18.00,'Color Club','Color Club'),
	(272,178,'Aquaphor Healing Ointment Skin Protectant, Use After Hand Washing, 1.75 oz. Tube',4.52,'Aquaphor','Beiersdorf'),
	(273,179,'L\'Oreal Paris Voluminous Mascara Exclusive, Blackest Black, 2 COUNT',9.97,'L\'Oreal Paris','L\'Oreal Paris'),
	(274,180,'Neutrogena Age Shield Face Oil-Free Sunscreen SPF 110, 3 fl. oz',10.97,'Neutrogena','Neutrogena'),
	(275,181,'Birthday Candles, Assorted, 24ct',0.98,'Unique Industries','Unique Industries'),
	(276,158,'Advanced Clinicals Vitamin C Cream. Advanced Brightening Cream. Anti-aging cream for age spots, dark spots on face, hands, body. (Two - 16oz)',22.22,'ADVANCED CLINICALS','Advanced Clinicals'),
	(277,182,'Just For Men Control GX Grey Reducing Shampoo, Gradually Colors Hair, 4 fl. oz.',7.53,'Just For Men','Just For Men'),
	(278,183,'Crayola Bath Dropz Color, 2.68 OZ',3.78,'Crayola','MZB Accessories LLC'),
	(279,184,'NYX Professional Makeup HD Studio Photogenic Concealer Wand, medium coverage, undereye concealer Light',5.27,'NYX Professional Makeup','NYX Professional Makeup'),
	(280,185,'Hairitage Outta My Hair Gentle Daily Shampoo',7.94,'Hairitage','Hairitage'),
	(281,186,'Revlon One-Step Hair Dryer and Volumizer Hot Air Brush, Black Blow Dryer',45.27,'Revlon','Helen Of Troy'),
	(282,171,'Herbal Essences Hello Hydration Shampoo and Conditioner Set, 29.2oz',23.50,'Herbal Essences','Herbal Essences'),
	(283,187,'Aussie Miracle Volume Conditioner, Paraben Free, 26.2 fl oz',4.94,'Aussie','Aussie'),
	(284,184,'Maybelline Fit Me Matte + Poreless Liquid Foundation Makeup, Mocha, 1 oza',5.17,'Maybelline','Maybelline'),
	(285,188,'Garnier Fructis Curl Nourish Sulfate-Free Shampoo Infused with Coconut Oil and Glycerin, 12.5 fl. oz.',2.82,'Garnier','Garnier'),
	(286,189,'Brut Cologne Classic Scent Splash, 7Oz',5.14,'Brut','Brut'),
	(287,190,'Equate Multi-Purpose Epsom Salt, 8 lb',5.00,'Equate','Equate'),
	(288,138,'Stridex XL Acne Pads for Face and Body with Salicylic Acid, Alcohol Free, 90 Ct',4.97,'Stridex','Stridex'),
	(289,191,'Maybelline Fit Me Matte + Poreless Pressed Face Powder Makeup, Natural Beige, 0.29 oz.',4.95,'Maybelline','Maybelline'),
	(290,192,'Maybelline TattooStudio Brow Pomade Long Lasting, Buildable, Eyebrow Makeup, Light Blonde, 0.106 oz.',6.46,'Maybelline','Maybelline'),
	(291,193,'BIC Flex 5 Men\'s 5 Blade, Disposable Razors, 2-count',5.44,'BIC','Bic'),
	(292,194,'CeraVe Hyaluronic Acid Face Serum, 1 oz',15.67,'CeraVe','L\'OREAL USA S/D, INC.'),
	(293,195,'L\'Oreal Paris Infallible Never Fail Pencil Eyeliner with Built in Sharpener, Black Brown, 0.008 oz.',7.57,'L\'Oreal Paris','L\'Oreal Paris'),
	(295,196,'Australian Gold Rapid Tanning Intensifier Lotion, 8.5 Fl oz',6.97,'Australian Gold','Australian Gold'),
	(296,168,'Blistex Medicated Lip Balm SPF 15, 3 Sticks per Pack',2.84,'Blistex','Blistex Inc.'),
	(297,197,'Hot Fashion Women Crystal Barefoot Sandals Beach Wedding Foot Anklet',4.99,'Unbrand','Unbrand'),
	(298,198,'Sephora $50 Gift Card (Email Delivery)',50.00,'Sephora Collection','inComm'),
	(299,199,'Neutrogena Makeup Remover Cleansing Towelettes, Refill Pack, 25 Count',19.50,'Neutrogena','Neutrogena'),
	(300,135,'Pantene Conditioner, Repair and Protect for Damaged Hair, 28.9 fl oz',6.97,'Pantene','Pantene'),
	(301,200,'Remington Compact Ceramic Ionic Hair Rollers, Black, 10',14.96,'Remington','Remington'),
	(302,201,'Revlon Perfect Heat Ceramic 1\" Flat Iron, Black',16.97,'Revlon','Helen Of Troy'),
	(303,202,'Revlon PhotoReady Eye Contour Kit - Impressionist',8.36,'Revlon','Revlon'),
	(304,203,'Indian Healing Clay By Sky Organics 16oz -100% Pure & Natural Bentonite Clay-Therapeutic Grade - Face Skin Care, Deep Skin Pore Cleansing, Detoxifying- Helps with Acne & Rejuvenating Skin- Made',9.78,'Sky Organics','Sky Organics'),
	(305,200,'Remington Pro .5\"-1\" Pearl Ceramic Conical Curling Wand, Pink/Black, CI95AC4',21.45,'Remington','Remington'),
	(306,204,'wet n wild MegaGlo Highlighting Powder, Royal Calyx',11.87,'wet n wild','wet n wild'),
	(307,205,'Body Fantasies Signature Japanese Cherry Blossom Body Spray for Women, 8 oz',3.99,'Body Fantasies','PDC Brands'),
	(309,206,'Greenball Greensaver Plus 18X8.50-8 4-Ply Rated Golf Cart Tire and 4-lug White Wheel',45.98,'Greenball','Greenball Tires'),
	(310,171,'TRESemmé Moisture Rich Moisturizing Shampoo and Conditioner Professional Quality Salon-Healthy Look And Shine Moisture Rich Formulated With Vitamin E And Biotin for Dry Hair 28 oz 2 Count',6.98,'TRESemmé','TRESemmé'),
	(311,207,'Old Spice Cologne Spray for Men, Classic Scent, 4.25 fl oz',7.47,'Old Spice','Procter & Gamble'),
	(312,208,'Equate Minoxidil Topical Solution 5% Hair Regrowth Treatment for Men, 3-Month Supply',18.76,'Equate','Equate'),
	(313,209,'Baby mosquito net for infant stroller seat bug protection insect prams cover',7.99,'Esho','Esho'),
	(314,38,'Nutrisystem 5 Day Members\' Favorites Top-Rated Frozen Weight Loss Kit, 15 Meals, 5 Snacks',69.98,'Nutrisystem','NUTRISYSTEM'),
	(316,158,'CeraVe PM Facial Moisturizing Lotion, Face Moisturizer for Night Use, 3oz',11.24,'CeraVe','LOREAL USA'),
	(318,210,'Gillette Mach3 Mens Razor Blades Refill Cartridges, 12 ct',24.00,'Gillette','Gillette'),
	(319,142,'Kiss Salon Dip Starter Kit',17.59,'KISS','KISS'),
	(320,211,'Rimmel Natural Bronzer, Sun Bronze, 0.49 oz',3.97,'Rimmel','Rimmel'),
	(321,184,'Milani Conceal + Perfect 2-in-1 Foundation + Concealer, Natural',8.97,'Milani','MILANI'),
	(322,212,'Trolls 2 96 Page Jumbo Coloring Book',0.97,'Bendon Publishing','Bendon Publishing'),
	(323,171,'OGX Extra Strength Refreshing Scalp + Teatree Mint Shampoo, Invigorating Scalp Shampoo with Tea Tree & Peppermint Oil & Witch Hazel, Paraben-Free, Sulfate-Free Surfactants, 13 fl. oz',6.97,'OGX','OGX'),
	(324,186,'Remington Ceramic Ionic Tourmaline Hair Dryers, Purple with Concentrator and Diffuser',16.70,'Remington','Remington'),
	(325,213,'e.l.f. Shadow Lock Eyelid Primer, Sheer',3.00,'e.l.f. Cosmetics','e.l.f.'),
	(326,214,'($49.99 Value) BabylissPro Nano Titanium Spring Curling Iron, 1.25\"',41.42,'BaBylissPRO','BaBylissPRO'),
	(327,207,'BOD Man Black Unisex Body Spray, 8 Oz',6.98,'BOD Man','PDC Brands'),
	(330,137,'InStyler Original Rotating Hot Iron, 1-1/4 Inch, Silver',87.34,'InStyler','Instyler'),
	(331,215,'Ariana Grande Moonlight Body Mist for Women, 8 oz',9.88,'Ariana Grande','Luxe Brands'),
	(332,216,'CeraVe Vitamin C Serum with Hyaluronic Acid',18.74,'CeraVe','L\'OREAL USA S/D, INC.'),
	(334,135,'Head and Shoulders Dandruff Conditioner, Smooth and Silky, 10.6 Fl Oz',5.84,'Head & Shoulders','Head & Shoulders'),
	(336,217,'Matrix Biolage Colorlast Orchid Conditioner For Colour-Treated Hair, 13.5 Fl Oz',17.98,'Matrix','Matrix'),
	(337,137,'Red by Kiss 1875 Pro Watt Ceramic Tourmaline Hair Dryer with 4 Additional Styling Attachments',19.97,'KISS','KISS'),
	(338,142,'Sally Hansen Miracle Gel Nail Color Polish Mauve-Olous 0.5 oz',7.46,'Sally Hansen','Sally Hansen'),
	(339,187,'Garnier Fructis Curl Nourish Leave-in Conditioner with Coconut Oil, 10.2 fl oz',4.94,'Garnier','Garnier'),
	(340,207,'HUGO BOSS Belcam Nitro Eau de Toilette, Cologne for Men, 3.4 Oz',7.98,'Hugo Boss','Belcam Inc.'),
	(341,218,'Herbal Essences Bio:Renew Hydrating Conditioner, Coconut Milk, 13.5 oz',5.97,'Herbal Essences','Herbal Essences'),
	(342,219,'Equate Baby Aloe Vera and Vitamin E Hypoallergenic Baby Oil Gel, 6.5 fl oz',2.58,'Equate','Equate'),
	(344,165,'COVERGIRL Clump Crusher Mascara Very Black 800, 13 ML',6.19,'COVERGIRL','COVERGIRL'),
	(345,138,'Clearasil Rapid Rescue Deep Treatment Wash, Normal to Oily Skin, 6.78 fl oz',5.38,'Clearasil','Reckitt Benckiser'),
	(346,158,'Neutrogena Soothing Clear Calming Turmeric Gel Moisturizer, 3 fl. oz',6.97,'Neutrogena','Johnson & Johnson'),
	(347,171,'Suave Essentials Daily Clarifying Shampoo, 30 oz',1.94,'Suave','Suave'),
	(348,220,'AXE Dual Action Body Spray Deodorant for Men, Phoenix Crushed Mint & Rosemary Formulated without Aluminum, 5.1 oz',5.64,'Axe','Unilever'),
	(349,207,'Curve Curve for Men, Men\'s Cologne Spray, 0.5 fl oz',10.97,'Curve','Elizabeth Arden, Inc.'),
	(350,221,'e.l.f. Instant Lift Brow Pencil, Neutral Brown',2.54,'e.l.f. Cosmetics','e.l.f. Cosmetics'),
	(351,220,'Davidoff Cool Water Eau De Toilette, Cologne for Men, 6.7 Oz',29.90,'Davidoff','Davidoff'),
	(352,164,'Biore Charcoal Facial Acne Cleanser, Normal to Oily Skin, 1% Salicylic Acid, 11.45 fl oz',8.47,'Bioré','KAO USA INC'),
	(353,150,'AXE Apollo 2 in 1 Shampoo and Conditioner 28 oz',6.97,'Axe','Axe'),
	(354,149,'Milani Color Statement Lipstick, Black Cherry',4.97,'Milani','MILANI'),
	(356,137,'Revlon Essentials Compact and Lightweight Cold Shot Button Hair Dryers, Black',9.34,'Revlon','Revlon'),
	(357,164,'Clean & Clear Deep Action Cream Face Wash for Sensitive Skin, 6.5 oz',5.24,'Clean & Clear','Johnson & Johnson'),
	(358,222,'Edge Sensitive Skin Shave Gel for Men with Aloe Twin Pack, 14 oz',5.34,'Edge','Edgewell Personal Care'),
	(359,223,'KISS Power File Deluxe Rechargeable Nail File',17.97,'KISS','KISS Products, Inc.'),
	(361,150,'Love Beauty and Planet Blooming Color Conditioner Silicone Free, Paraben Free, and Vegan Murumuru Butter and Rose, 13.5 oz',6.98,'Love Beauty and Planet','Love Beauty and Planet'),
	(362,224,'Garnier Whole Blends Honey Treasures Shampoo and Conditioner Set, For Damaged Hair, 2 COUNT',5.97,'Garnier','Garnier'),
	(363,163,'bodycology Cherry Blossom Body Spray for Women, 8 Oz',3.97,'bodycology','PDC Brands'),
	(365,225,'Clorox Spa 1\" Bromine Tablets for Spas and Hot Tubs, 5 lbs',32.44,'Clorox Pool&Spa','Clorox Pool&Spa'),
	(366,226,'Hawaiian Tropic Silk Hydration Weightless Sunscreen SPF 30, 1.7 oz',8.92,'Hawaiian Tropic','Hawaiian Tropic'),
	(368,190,'Dr Teal\'s Pure Epsom Salt Therapeutic Soak, 6 lbs.',4.97,'Dr Teal\'s','PDC Brands'),
	(369,202,'Revlon ColorStay Overtime Lipcolor, Dual Ended Longwearing Liquid Lipstick with Clear Lip Gloss, with Vitamin E, 530 24/7 Pink, 0.07 fl oz',7.47,'Revlon','Revlon'),
	(370,227,'($32 Value) BareMinerals Original Loose Powder Foundation SPF 15, 03 Fairly Light, 0.28 Oz',19.99,'BareMinerals','BareMinerals'),
	(371,228,'Johnson\'s Head-To-Toe Tearless Gentle Baby Wash & Shampoo, 27.1 fl. oz',6.12,'Johnson\'s','Johnson & Johnson'),
	(372,229,'L\'Oreal Paris Lash Paradise Mascara, Voluminous, Blackest Black, 0.28 fl. oz.',8.51,'L\'Oreal Paris','L\'Oreal Paris'),
	(373,199,'Almay Longwear & Waterproof Eye Makeup Remover Liquid, Hypoallergenic, Cruelty Free, Fragrance Free, Ophthalmologist Tested, 4 fl oz',4.12,'Almay','Almay'),
	(374,230,'BaBylissPRO Nano Titanium Prima3000 Ionic Hair Straightening flat Iron , 1.25\"',119.99,'BaBylissPRO','BaBylissPRO'),
	(375,231,'Vagisil Maximum Strength Anti-Itch Creme, 1 oz., 1 Pack',4.47,'Vagisil','Vagisil'),
	(376,232,'Fruit of the Earth Aloe Vera Moisturizing Gel, Unscented 12 oz.',3.97,'Fruit of the Earth','FRUIT OF THE EARTH INC.'),
	(377,147,'Ariana Grande Thank U Next Body Mist for Women, 8 Oz',9.88,'Ariana Grande','Luxe Brands'),
	(378,171,'L\'Oreal Paris Elvive Total Repair Extreme Renewing Shampoo, 12.6 fl. oz.',3.42,'L\'Oreal Paris','L\'Oreal Paris'),
	(379,233,'The Pioneer Woman Adeline 16-Ounce Emboss Glass Tumblers, Set of 4',16.99,'The Pioneer Woman','The Pioneer Woman'),
	(380,234,'Hard Candy Plumping Serum Lip Gloss, 1411 Max Pout (Clear)',5.97,'Hard Candy','nu world beauty'),
	(381,235,'KISS Blowout False Eyelashes, Pompadour Multipack Lashes (5 Pairs)',8.88,'KISS','KISS Products, Inc.'),
	(382,236,'Mederma Advanced Scar Gel, 0.7 oz',14.78,'Mederma','Mederma'),
	(384,186,'Revlon Perfect Heat Ceramic Ionic AC Motor Hair Dryer, Black with Concentrator',16.43,'Revlon','Revlon'),
	(385,170,'COVERGIRL Lash Blast Volume Waterproof Mascara Black Brown 835, 0.44 fl oz / 13.1mL',6.17,'COVERGIRL','COVERGIRL'),
	(386,147,'Body Fantasies Signature Pink Vanilla Kiss Fantasy Unisex Body Spray, 8 Oz',5.98,'Body Fantasies','PDC Brands'),
	(387,237,'Remington Ionic Conditioning Hair Setter, Purple, H5600H',25.19,'Remington','Remington'),
	(389,238,'The Pioneer Woman Floral Medley 3-Piece Serving Platters',23.99,'The Pioneer Woman','The Pioneer Woman'),
	(390,239,'Conair Instant Heat Hot Curl Brush; 3/4-inch',10.97,'Conair','Conair'),
	(391,240,'Harry\'s Razor Blades for Men: 4 Pack of Men\'s Razor Blade Refills',8.97,'Harry\'s','Harry\'s'),
	(392,170,'DabaLash Professional Eyelash Enhancer 0.18FL OZ/5.32 ml',21.00,'Dabalash','Dabalash'),
	(393,241,'Remington Virtually Indestructible All-in-One Grooming Kit, Yellow/Black, PG6855A',21.10,'Remington','Remington'),
	(394,242,'Barbasol Beard Buster Shaving Cream Soothing Aloe - 10 oz',1.47,'Barbasol','Barbasol'),
	(395,164,'T.N. Dickinson\'s Witch Hazel Cleansing Cloths for Multi-Use Cleaning, 100% Natural, 25 Count',5.97,'Dickinson\'s','Dickinson Brands Inc.'),
	(396,243,'Irish Spring Original, Deodorant Bar Soap, 3.7 Ounce, 8 Bar Pack',3.97,'Irish Spring','Irish Spring'),
	(397,149,'Milani Color Statement Lip Liner, True Red',10.65,'Milani','MILANI'),
	(398,244,'Rimmel London Lasting Finish 1000 Kisses Lip Liner, Spice, 0.04 oz',4.94,'Rimmel','Hfc Prestige International Us Llc'),
	(400,245,'Parfums Belcam Gladiator Eau de Toilette, Cologne for Men, 3.4 Oz',7.98,'Parfums Belcam','Belcam Inc.'),
	(401,246,'Equate Beauty Ultra Light Sunscreen Stick, SPF 70, Paraben Free,1.5 oz',4.48,'Equate','Equate'),
	(404,145,'Wideskall 30 Pieces Large Soft Foam Sponge Hair Rollers for Women Hair Curlers Salon (Pink), Pack of 30',7.69,'Wideskall','Wideskall'),
	(405,247,'Philips Norelco OneBlade Replacement Blade 1 Pack',14.95,'Philips Norelco','Philips Norelco'),
	(406,248,'Cortizone 10 Intensive Healing Anti Itch Creme (2 Oz)',7.28,'Cortizone 10','Cortizone 10'),
	(407,163,'Ariana Grande Cloud Body Sprays for Women, 8 Fl Oz',9.88,'Ariana Grande','Luxe Brands'),
	(409,184,'e.l.f. Hydrating Camo Concealer, Deep Chestnut',8.12,'e.l.f. Cosmetics','e.l.f.'),
	(410,249,'OPI Nail Polish, Strawberry Margarita, 0.5 Fl Oz',8.95,'OPI','OPI'),
	(412,250,'Almay Shadow Trio, Hypoallergenic, Cruelty Free, Oil Free, Fragrance Free, Ophthalmologist Tested Eyeshadow Palette - Smoldering Embers',5.78,'Almay','Revlon'),
	(414,251,'Braun Clean and Renew Refill Cartridges CCR, 4 Pack',21.44,'Braun','Braun'),
	(415,220,'AXE Dual Action Body Spray Deodorant for Men, Essence Black Pepper & Cedarwood Formulated without Aluminum, 4.0 oz, Twin Pack',8.20,'Axe','Unilever'),
	(417,186,'Andis High Heat Ceramic Professional Hair Straightening Brush, Black',20.23,'Andis','Andis'),
	(418,252,'Fruit of the Loom Boys Socks, 12 Pack Ankle Active Everyday Sizes M - L',11.94,'Fruit of the Loom','Fruit of the Loom'),
	(419,253,'Garnier Fructis Sleek & Shine Shampoo & Conditioner for Frizzy, Dry Hair, 2 COUNT',5.54,'Garnier','Garnier'),
	(420,254,'Vicks VapoShower Aromatherapy Shower Tablet Bomb, 3 ct',5.44,'Vicks','Vicks'),
	(421,255,'Benadryl Extra Strength Anti-Itch Cooling Spray, Travel Size, 2 fl. oz',5.42,'Benadryl','Benadryl'),
	(423,256,'MILANI Make It Last Setting Spray, Prime + Correct + Set',8.97,'Milani','NEW MILANI GROUP INC'),
	(426,158,'Cetaphil Daily Hydrating Lotion, 3 fl oz - 2 Pack',28.42,'Cetaphil','Cetaphil'),
	(428,257,'Dove Men+Care Deodorant Stick Clean Comfort 3.0 Oz., Twin Pack',9.24,'Dove Men+Care','Dove Men+Care'),
	(429,258,'COVERGIRL Instant Cheekbones Contouring Blush, 220 Purely Plum, 0.29 oz',5.94,'COVERGIRL','Hfc Prestige International Us Llc'),
	(430,259,'Hyper Tough Mower 20\" Replacement Blade for MNA152701 and MNA152516',25.97,'Daye','Daye'),
	(431,135,'Aussie Total Miracle Conditioner, Paraben Free, 26.2 fl oz',4.94,'Aussie','Aussie'),
	(432,136,'Maybelline Color Sensational Shine Compulsion Lipstick Makeup, Taupe Seduction, 0.1 oz.',2.99,'Maybelline','Maybelline'),
	(433,260,'Poise Overnight Incontinence Pads for Women, Ultimate Absorbency, Extra Coverage, 144 Ct',85.00,'Poise','Poise'),
	(434,150,'L\'Oreal Paris Elvive Color Vibrancy Protecting Shampoo, 12.6 fl. oz.',3.37,'L\'Oreal Paris','L\'Oreal Paris'),
	(435,261,'wet n wild Mega Last Breakup-Proof Retractable Eyeliner, Dark Brown',1.98,'wet n wild','Markwins Beauty Brands'),
	(436,262,'($54.99 Value) BaBylissPRO Nano Titanium Ceramic Hair Rollers, Blue, 12',49.33,'BaBylissPRO','BaBylissPRO'),
	(437,263,'Eternal Energy Shot, Extra Strength, Berry 1.93 oz, 12 Count',7.83,'Eternal Energy','LXR Biotech, LLC.'),
	(438,264,'Body Fantasies Signature Twilight Mist Body Spray for Women, 8 Oz',5.98,'Body Fantasies','PDC Brands'),
	(439,265,'Just For Men Easy Comb-In Color, Gray Hair Coloring for Men with Comb Applicator, Real Black, A-55',7.50,'Just For Men','Combe'),
	(440,166,'L\'Oreal Paris True Match Super-Blendable Foundation Makeup, SPF 17, Sun Beige, 1 fl. oz.',5.00,'L\'Oreal Paris','L\'Oreal Paris'),
	(441,266,'Burberry Touch Eau De Toilette Cologne for Men, 3.3 oz',33.52,'Burberry','Burberry'),
	(442,201,'Remington 1” Flat Iron with Anti-Static Technology, S5500G',15.84,'Remington','Remington'),
	(443,208,'Men\'s Rogaine 5% Minoxidil Foam for Hair Regrowth, 3-month Supply',47.57,'ROGAINE','ROGAINE'),
	(444,267,'FLOWER Ionic 1\" Volumizing Styling Hot Hair Brush, Green and Pink',39.88,'FLOWER','FLOWER'),
	(445,268,'Maybelline Lifter Gloss Lip Gloss Makeup With Hyaluronic Acid, Moon, 0.18 fl. oz.',6.98,'Maybelline','Maybelline'),
	(446,269,'Maybelline SuperStay Matte Ink Liquid Lipstick, Lip Makeup, Pioneer, 0.17 fl. oz.',7.98,'Maybelline','Maybelline'),
	(447,270,'Revlon Essentials Volume Booster Hair Dryers, Green with Concentrator and Diffuser',14.34,'Revlon','Revlon'),
	(448,271,'Equate Baby Aloe Vera and Vitamin E Hypoallergenic Pure Cornstarch Baby Powder, 15 oz',1.68,'Equate','Equate'),
	(449,191,'Coty Airspun Loose Face Powder, 041 Translucent Extra Coverage, 2.3 oz',5.72,'Airspun','Coty Us LLC'),
	(450,272,'AXE Dual Action Body Spray Deodorant for Men, Cool Ocean All Day Fresh Scent Formulated without Aluminum, 4.0 oz',4.72,'Axe','Unilever'),
	(451,166,'COVERGIRL Smoothers Lightweight BB Cream Light to Medium 810, 1.35 fl oz',6.94,'COVERGIRL','Hfc Prestige International Us Llc'),
	(452,273,'Miraculous Ladybug Dress Up Set',14.97,'Miraculous','Playmates Toys Inc'),
	(453,171,'Suave Professionals Rosemary and Mint Invigorating Shampoo and Conditioner Paraben free and Dye free for Dry and Damaged Hair 18 oz, 2 Count',4.98,'Suave','Suave'),
	(454,274,'Schick Hydro Silk 5 Sensitive Care Cartridges, 4 count',12.29,'Schick','Schick'),
	(455,219,'Equate Baby Lavender Baby Oil, 20 fl oz',2.47,'Equate','Equate'),
	(457,203,'Freeman Feeling Beautiful Hydrating Glacier Water + Pink Peony Gel Cream Mask, 0.5 Fl. Oz.',1.32,'Feeling Beautiful','Freeman Beauty'),
	(458,180,'Neutrogena Clear Face Sunscreen Lotion, SPF 55 Oil-Free, 3 fl oz - 2 Pack',37.99,'Neutrogena','Neutrogena'),
	(459,275,'Pepto Bismol Ultra 5 Symptom Stomach Relief Liquid, Original, 12 oz',6.38,'Pepto','Pepto'),
	(460,276,'Pepto Bismol 5 Symptom Stomach Relief Chewable Original Flavor, 30 ct',4.28,'Pepto','Pepto'),
	(461,277,'Equate Extra Strength Headache Relief Caplets, 250 mg, 100 Ct, 2 Pk',4.00,'Equate','Equate'),
	(462,278,'Metamucil Fiber Supplement Thins, Chocolate Flavor, 12 ct',7.44,'Metamucil','Metamucil'),
	(463,279,'Icy Hot Medicated Max Strength (2.5 Oz), No-Mess Applicator',6.12,'Icy Hot','Icy Hot'),
	(465,280,'Equate Sugar Free Fiber Supplement Powder, 125 Ct, 16.7 Oz',9.34,'Equate','Equate'),
	(466,281,'Equate Delayed Release Wildberry Mint Omeprazole Tablets 20 mg, 14 count, 3 pack',14.97,'Equate','Equate'),
	(467,282,'QuitGo, Oxygen, Soft Tip Inhaler, Nicorette Alternative & Quit Smoking Aid 1Pk',17.95,'QuitGo','QuitGo'),
	(468,283,'Garden of Life Dr. Formulated Probiotics Once Daily Men\'s Shelf Stable 30 Capsules',30.09,'Garden of Life','Garden of Life'),
	(469,284,'AZO Yeast Plus Dual Relief, Yeast Infection + Vaginal Symptom Relief, 60 ct',6.84,'AZO','AZO'),
	(470,285,'Cliganic USDA Organic Jojoba Oil, 100% Pure (4oz) - Cold Pressed Unrefined',9.99,'Cliganic','Cliganic'),
	(471,286,'Benadryl Liqui-Gels Antihistamine Allergy Medicine, Dye Free, 24 ct',4.44,'Benadryl','Benadryl'),
	(472,287,'3-Day Juice Cleanse with Coconut Fusion by Juice From the RAW® - Most Popular Juice Cleanse to Lose Weight Quickly / Detoxify Your Body / 100% Raw Cold-Pressed Juices (18 Total 16 oz. Bottles)',99.99,'Juice from the Raw','Everpress Juice Inc.'),
	(473,288,'Aspercreme 4% Lidocaine (2.5 Oz), No Mess Applicator',8.12,'Aspercreme','Aspercreme'),
	(474,289,'Equate Nicotine Coated Gum 4 mg, Stop Smoking Aid, Mint Flavor, 160 count',35.98,'Equate','Equate'),
	(475,290,'Swanson certified organic spirulina 500 mg 180 tabs',8.75,'Swanson GreenFoods Formulas','Swanson GreenFoods Formulas'),
	(476,291,'Spring Valley Women\'s Probiotic Dietary Supplement, 30 count',9.88,'Spring Valley','Spring Valley'),
	(477,292,'Nicorette Nicotine Gum to Stop Smoking, White Ice Mint, 2 Mg, 100 Count',40.98,'Nicorette','Nicorette'),
	(479,286,'Tylenol 8 Hour Arthritis & Joint Pain Acetaminophen Tablets, 225 ct',16.97,'TYLENOL','TYLENOL'),
	(480,278,'Metamucil Fiber Supplement Thins, Cinnamon Spice Flavor, 12 ct',7.44,'Metamucil','Metamucil'),
	(481,293,'Prilosec OTC Heartburn Relief and Acid Reducer Tablets, 42 ct',22.98,'Prilosec','Prilosec'),
	(482,294,'Nicorette Nicotine Gum to Stop Smoking, White Ice Mint Flavor, 4 Mg, 160 Count',60.98,'Nicorette','Nicorette'),
	(485,295,'TENA Super Disposable Heavy Absorbency Nite Briefs, Large, 56 Ct',41.93,'TENA','Essity HMS North America Inc'),
	(486,296,'AZO Maximum Strength Urinary Pain Relief, UTI Pain Reliever, 24 ct',7.67,'AZO','AZO'),
	(488,297,'Always Ultra Thin Overnight Pads, Winged, Unscented, Size 5, 46 Ct',8.58,'Always','Always'),
	(489,298,'Spring Valley Probiotic Multi-Enzyme Digestive Formula Tablets, 200 Ct',9.77,'Spring Valley','Spring Valley'),
	(490,299,'Neilmed Sinus Rinse Premixed Packets, 50 Count',7.84,'Neilmed','NeilMed Pharmaceuticals, Inc.'),
	(491,300,'Equate Omeprazole Delayed Release Tablets 20 mg, Acid Reducer, 42 Count',14.97,'Equate','Equate'),
	(494,301,'Equate Adult Low Dose Aspirin Enteric Coated Tablets, Twin Pack, 81 mg, 500 count',5.97,'Equate','Equate'),
	(495,302,'Nature\'s Bounty Probiotic Gummies, Multi-Flavored, 60 Ct',12.96,'Nature\'s Bounty','Nature\'s Bounty'),
	(497,303,'Backaid Max Maximum Strength Pain Relief Caplets, 28 CT',3.98,'Backaid','Backaid'),
	(498,304,'Renew Life Ultimate Flora Women\'s Probiotic, Capsules, Immunity Concern, 30 Count',16.98,'Renew Life','Renew Life'),
	(501,305,'Equate Options Women\'s Very Light-Long Incontinence Liners, 48 count',3.46,'Equate','Equate'),
	(502,306,'Tena Intimates Overnight Underwear XLarge, 48 ct',49.37,'TENA','Johnson & Johnson'),
	(504,307,'Natrol JuiceFestiv Combination Tablets, 240 Ct',33.99,'Juice Festiv','Juice Festiv'),
	(505,308,'Biofreeze Pain Relieving Patch, Arthritis, Muscle, Joint and Back Pain Relief, Large, Box of 5',8.98,'BioFreeze','BioFreeze'),
	(506,309,'Nexium 24-Hour Delayed Release Heartburn Medicine Capsules, 20 Mg, 14 Count',9.94,'Nexium','Nexium'),
	(507,310,'Equate Cherry Ice Mini Nicotine Lozenges, 2 mg, 108 count',30.98,'Equate','Equate'),
	(508,281,'Equate Omeprazole Delayed-Release Capsules, 20 mg, 42 count, 3 pack',14.97,'Equate','Equate'),
	(509,311,'Culturelle Digestive Health Daily Probiotic Capsules, 50 Ct',21.91,'Culturelle','Culturelle'),
	(510,312,'Equate Fiber Therapy Calcium Polycarbophil Caplets, 625 mg, 140 Count',6.98,'Equate','Equate'),
	(512,313,'Always Ultra Thin Pads without Wings, Unscented, Long, Size 2, 40 Ct',5.28,'Always','Always'),
	(515,314,'Spring Valley Extra Strength Probiotic Vegetable Capsules, 60 Capsules',19.44,'Spring Valley','Spring Valley'),
	(516,315,'Biocodex Florastor Daily Probiotic Supplement for Men and Women – Saccharomyces Boulardii lyo CNCM I-745 (250 mg; 20 Capsules)',19.62,'Florastor','Florastor'),
	(517,316,'Equate Mint Flavor Nicotine Lozenges, 2 mg, 108 count',32.98,'Equate','Equate'),
	(518,317,'Nicoderm CQ Step 1 Extended Release Nicotine Patches to Stop Smoking, 14 Count',39.98,'NicoDerm CQ','NicoDerm CQ'),
	(519,318,'Align Prebiotic Probiotic Supplement Gummies, Natural Flavors, 54 ct',19.89,'Align','Align'),
	(520,319,'Maximum Strength Mucinex Sinus-Max Severe Congestion & Pain, Sinus Symptom Relief, Pain Reliever, Expectorant and Nasal Decongestant, 20 Caplets',12.47,'Mucinex','Mucinex'),
	(521,320,'Always Xtra Protection Extra Long Daily Liners, 92 ct',6.94,'Always','Procter & Gamble'),
	(522,321,'Advil Dual Action Ibuprofen and Acetaminophen Pain Relief Coated Caplets, 72 Count',9.48,'Advil','Advil'),
	(524,322,'Assurance Pre-Moistened Disposable Incontinence Wipes, XL 144 count',6.97,'Assurance','Assurance'),
	(525,323,'Pepcid Complete Acid Reducer + Antacid Chewable Tablets, Berry, 50 ct',17.54,'Pepcid','Pepcid'),
	(526,324,'Equate Nicotine Uncoated Gum 2 mg, Original Flavor, 220 ct',39.98,'Equate','Equate'),
	(527,316,'Equate Cherry Flavor Nicotine Lozenges, 2 mg, 108 count',32.98,'Equate','Equate'),
	(529,286,'Advil Pain Reliever and Fever Reducer Coated Tablets, 200 Mg Ibuprofen, 200 Count',14.97,'Advil','Advil'),
	(530,277,'Equate Acetaminophen Extended-Release Tablets 650 mg, Arthritis Pain, 100 Count',6.13,'Equate','Equate'),
	(531,294,'Nicorette Coated Nicotine Gum to Stop Smoking, Cinnamon Surge, 2 Mg, 100 Count',40.98,'Nicorette','Nicorette'),
	(532,325,'Vagisil Odor Block Daily Freshening Wipes, 20 Wipes in a Resealable Pouch',3.47,'Vagisil','Combe, Inc.'),
	(533,326,'Nature\'s Bounty Ultra Strength Probiotic 10, Capsules, 30 Ct',12.96,'Nature\'s Bounty','Nature\'s Bounty'),
	(534,327,'Pataday Eye Drops for Eye Allergy Itch Relief and Dry Eyes, 2.5ml',18.96,'Pataday','Pataday'),
	(536,328,'Equate Super Maxi Pads, 48 count',3.76,'Equate','Equate'),
	(537,329,'Equate Allergy Relief Loratadine Tablets 10 mg, Antihistamine, 120 Count',11.98,'Equate','Equate'),
	(538,330,'STEP 1 Habitrol (28 count) Transdermal Nicotine Patches 21mg - Quit Smoking Aid',33.95,'Habitrol','Habitrol'),
	(541,331,'Benefiber On The Go Prebiotic Fiber Powder for Digestive Health, Kiwi Strawberry Flavor Powder Stick Packs - 24 Sticks (5.28 Ounces)',11.47,'Benefiber','Benefiber'),
	(544,332,'Digestive Advantage Daily Probiotic Gummies, Natural Fruit Flavors - 60 Gummies',12.88,'Digestive Advantage','Digestive Advantage'),
	(546,333,'Nature\'s Bounty Folic Acid 800 mcg Tablets Maximum Strength 250 ea',9.11,'Nature\'s Bounty','Nature\'s Bounty'),
	(547,334,'Nicorette Nicotine Gum to Stop Smoking, Fruit Chill Flavor, 2 Mg, 160 Count',60.98,'Nicorette','Nicorette'),
	(548,335,'Equate Cool Mint Flavor Coated Nicotine Gum Value Pack, 2 mg, 160 count',35.98,'Equate','Equate'),
	(549,281,'Equate Polyethylene Glycol 3350 Unflavored Powder for Solution, 30 Doses',12.92,'Equate','Equate'),
	(550,336,'Equate Extra Strength Pain Reliever Caplets, 500 mg, 2 pack, 500 count',7.54,'Equate','Equate'),
	(551,337,'The Honey Pot Company Daily Sensitive Foaming Wash, 5.51 fl oz',8.88,'The Honey Pot Company','The Honey Pot Company'),
	(552,295,'TENA Intimates Overnight Incontinence Pads, Heavy Absorbency, 84 Ct',46.75,'TENA','Essity HMS North America Inc'),
	(553,286,'Tylenol Extra Strength Caplets with 500 mg Acetaminophen, 225 ct',14.97,'TYLENOL','TYLENOL'),
	(556,338,'Rubbermaid TakeAlongs Food Storage Containers (Set of 4), 3.2 Cups, Bowls',4.65,'Rubbermaid','Rubbermaid'),
	(557,339,'KARMAS PRODUCT Patio Deck Box Storage Container Outdoor Rattan Style Plastic Storage Cabinet Bench Box, Lockable,Large Capacity 120-Gallon',169.99,'Karmas Product','Karmas Product'),
	(558,340,'VEVOR Pop Up Gazebo 11\' x 11\' with Netting Outdoor Canopy Gazebo with 4 Sandbags',185.99,'VEVOR','VEVOR'),
	(559,341,'Beverage Dispenser 6 Gallons White',26.62,'Cambro','Cambro'),
	(560,342,'84\" x 84\" x 12\" Waterproof cloth cover Veranda Square Hot Tub Cover Spa Covers Cap Waterproof Protector Silver',22.98,'KUDOSALE','KUDOSALE'),
	(561,343,'Lissome Women\'s & Women\'s Plus 3/4 Sleeve Waffle Belted Robe',14.96,'Lissome','Lissome'),
	(562,344,'Outsunny 4’ Metal Arched Garden Bridge - Black Bronze',199.99,'Outsunny','Aosom LLC'),
	(563,345,'Coolaroo Shade Fabric Roll; 90% UV Block; 6\'x15\'; Wheat',31.54,'Coolaroo','GALE PACIFIC LTD.'),
	(564,346,'Mainstays Outdoor Wood Porch Rocking Chair, White Color, Weather Resistant Finish',97.00,'Mainstays','Mainstays'),
	(565,347,'Mr. Coffee 12-Cup Programmable Coffeemaker, Strong Brew Selector, Stainless Steel',24.94,'Mr. Coffee','Mr. Coffee'),
	(566,348,'Gotham Steel Nonstick Cookie Sheet, Copper, 12 x 17',26.37,'Gotham Steel','E.Mishan & Sons'),
	(567,349,'Water Pump Dispenser, Automatic Drinking Water Bottle Pump for 1.18-5 Gallon Water Bottle Dispenser USB Charging Portable Water Dispenser With LED Light for Home Kitchen Office Outdoor Use',15.99,'QD','QD'),
	(568,350,'Koolatron KTCF195 6.9 Cubic Foot (195 Liters) Large Chest Freezer with Adjustable Thermostat',229.00,'Koolatron','Koolatron'),
	(569,351,'Westinghouse Commercial Cool 3.2 cu ft 2 Door Refrigerator with Freezer, White',189.97,'Westinghouse','W Appliance'),
	(570,352,'Magic Bullet Mini Blender, 7 Piece Set, 200 Watt with Cross Blade, Silver',24.23,'Magic Bullet','Capital Brands'),
	(571,47,'Whitmor Stackable Window Storage Box - Crosshatch Gray - 14\" x 15\" x 10\"',9.63,'Whitmor','Whitmor'),
	(572,353,'Best Choice Products Outdoor Patio Heavy Duty Steel Square Umbrella Base Stand w/ Decorative Basketweave Pattern - Black',49.99,'Best Choice Products','Best Choice Products'),
	(573,354,'Equity by La Crosse Super Loud LED Alarm Clock, 30240',12.61,'Equity by La Crosse','La Crosse Technology'),
	(574,355,'Ninja 4-Quart Air Fryer, AF100',89.00,'Ninja','SharkNinja'),
	(575,356,'Oster DiamondForce 12-Inch x 16-Inch Nonstick Electric Skillet with Hinged Lid',39.92,'Oster','Oster'),
	(576,357,'Wild Interiors 16\" Green Fiddle Leaf Fig Live Plant',34.99,'Wild Interiors','Green Circle Growers'),
	(577,358,'URHOMEPRO 78\" x 39\" Front Door Awnings Canopies, Modern Polycarbonate Window Awning Cover, Patio Eaves Canopy Decorator, Door Window Rain Cover, Window Awning for Home Office, Home Decoration, W8230',77.99,'Urhomepro','Urhomepro'),
	(578,350,'Danby 11.0 Cu ft Chest Freezer in White',557.00,'Danby','Danby'),
	(579,359,'Sun Joe TRJ13STE Electric Grass Trimmer , 13-Inch - 4 Amp',36.38,'Sun Joe','Snow Joe'),
	(580,360,'Lifetime 44 in. Glider Bench, Gray, 60276',209.99,'Lifetime','Lifetime Products'),
	(581,361,'Presto Big Kettle Multi-Cooker & Steamer',34.92,'Presto','Presto'),
	(583,362,'Rico Philadelphia Eagles Economy Vinyl Grill Cover',25.34,'Rico','Rico'),
	(584,363,'The Pioneer Woman Cowboy Rustic 14-Piece Forged Cutlery Knife Block Set, Turquoise',59.00,'The Pioneer Woman','The Pioneer Woman'),
	(585,364,'Eastsport Clear Stadium Gear Bag',20.99,'Eastsport','Eastsport'),
	(586,365,'Zenna Home Tension Corner Caddy, White',17.11,'Zenna Home','Zenith Products Corp'),
	(587,366,'Circulon 5-Piece Nonstick Bakeware Set, Merlot',39.55,'Circulon','Meyer Corporation US'),
	(588,367,'Suncast 50 Gallon Outdoor Resin Deck Storage Box with Seat, Java Brown',89.00,'Suncast','Suncast'),
	(591,368,'Beautyrest Silver Luxurious Spa Comfort Polyester Pillow, King',15.96,'Beautyrest','Hollander Sleep Products, LLC.'),
	(592,369,'Mainstays Digital Alarm Clock with Keyboard Style Controls, SPC051A',7.88,'Mainstays','Mainstays'),
	(593,370,'Mainstays 5-Piece Mission Counter-Height Dining Set, Multiple Colors, Set of 5',239.00,'Mainstays','Mainstays'),
	(594,371,'Pure Garden Firewood Log Rack with Cover, 8 ft. Steel, Black',69.95,'Pure Garden','Trademark Global'),
	(595,372,'Better Homes & Gardens Galvanized Oval Tub',8.98,'Better Homes & Gardens','Better Homes & Gardens'),
	(596,373,'Bionic Steel Stainless Steel Super Durable Metal Garden Hose - Lightweight & Kink-Free, 100 ft',78.35,'As Seen on TV','E.Mishan & Sons'),
	(597,374,'Suncast BMS1250 22 Cubic Feet Resin Versatile Vertical Storage Shed Building',324.99,'Suncast','Suncast'),
	(598,375,'Manor Park Outdoor Patio Rocking Chair with Chevron Design, Brown',178.57,'Manor Park','Manor Park'),
	(599,376,'Gymax 10\' X 10\' Pergola Kit Metal Frame Gazebo &Canopy Cover Patio Furniture Shelter',499.99,'Gymax','Gymax'),
	(600,377,'Willow Nailhead Trim Upholstered Queen Bed, Fog, by Hillsdale Living Essentials',129.00,'Hillsdale','Hillsdale Furniture'),
	(601,378,'Juicer Machine, Morpilot Slow Masticating Juicer, Reverse Function, Cold Press Juicer Machine, Easy to Clean with Brush for High Nutrient Fruit & Vegetable Juice, Quiet Motor juicer',89.99,'Morpilot','Morpilot'),
	(602,379,'Ozark Trail 128\" Portable Steel Hammock Stand, Grey Color',59.00,'Ozark Trail','Ozark Trail'),
	(603,380,'Martex Super Soft Fleece Blanket, King Navy',11.99,'Martex','WestPoint Home'),
	(604,381,'Amazonia Texas Solid Teak Wood Barstool. Ideal For Patio, Brown',59.97,'Amazonia','INTERNATIONAL HOME'),
	(605,382,'Mr. Coffee Tea Cafe 2-in-1 Iced Tea Maker with Glass Pitcher, 2.5 Qt Black',44.99,'Mr. Coffee','Jarden Consumer Solutions'),
	(606,383,'Pyrex Glass 3-Piece Measuring Cup Set',21.49,'Pyrex','Corelle Brands'),
	(607,384,'Snapper Briggs & Stratton Murray Mower Left Hand Steering Arm fits RE110 RE130 REX110 REX130 / 7301338BMYP 7301338YP',13.99,'Snapper','Snapper'),
	(608,385,'Mainstays Knit Jersey Bedding Sheet Set',17.38,'Mainstays','Mainstays'),
	(609,386,'Hamilton Beach 0.9 Cu. Ft. Stainless Steel Countertop Microwave Oven',63.42,'Hamilton Beach','Hamilton Beach'),
	(610,387,'Your Zone Dinosaur Coordinated Bedding Set, Multiple Sizes',34.94,'Your Zone','Your Zone'),
	(611,388,'Radiance Imperial Matchstick Cord Free Roll-Up Shade, Fruitwood, 36\" W x 72\" L',33.99,'Radiance','Lewis Hyman Inc.'),
	(612,389,'Ariana Grande - Honeymoon Poster Print',49.99,'Rolled Poster','Rolled Poster'),
	(613,390,'PAW Patrol Design & Store Multi-Bin Toy Storage Organizer by Delta Children',44.99,'PAW Patrol','PAW Patrol'),
	(615,391,'Snow Joe SJBLZD 2-In-1 Telescoping Snow Broom + Ice Scraper | 18-Inch Foam Head (Blue)',8.93,'Snow Joe','Snow Joe'),
	(616,392,'Blackstone Adventure Ready 2-Burner 28\" Griddle Cooking Station',290.00,'Blackstone','North Atlantic Imports LLC'),
	(617,393,'Flash Furniture 30\" High Backless Metal Indoor-Outdoor Barstool with Square Seat, 4 Pack, Multiple Colors',179.42,'Flash Furniture','Flash Furniture'),
	(618,394,'Best Choice Products 2-Person Brazilian-Style Cotton Double Hammock Bed w/ Carrying Bag, Steel Stand, Desert Stripes',84.99,'Best Choice Products','Best Choice Products'),
	(619,395,'Sun Joe SPX3000® Electric Pressure Washer, 2030 PSI Max, 1.76 GPM, 14.5-Amp',159.99,'Sun Joe','Snow Joe'),
	(620,396,'Best Choice Products 21.5 inch Patio Fire Pit Bowl w/ Storage Shelf, Cover, Poker',64.99,'Best Choice Products','Best Choice Products'),
	(621,397,'Weber 22 Inch Charcoal Kettle Gray Grill Cover',17.99,'Weber','Weber Stephen Products'),
	(622,398,'RevoAce Dual Fuel Gas & Charcoal Combo Grill, Black with Stainless',198.00,'Revoace','RevoAce'),
	(623,399,'MSI Mixed Polished 0.5 cu. ft . 0.5 cm to 1.2 cm Pebbles 40 lb. Bag',23.90,'MSI','MSI'),
	(625,385,'1500 Thread Count Egyptian Deep Pocket Sheet Set by Sweet Home Collection',24.29,'Sweet Home Collection','Sweet Home Collection'),
	(626,400,'Expert Gardener Plastic Garden Cultivator – 11.25” Length Lightweight in Black and Yellow',0.94,'Expert Gardener','Expert Gardener'),
	(627,401,'Closetmaid Decorative Home Stackable 6 Cube Cubeicals Organizer Storage, White',64.99,'ClosetMaid','ClosetMaid®'),
	(628,19,'The Pioneer Woman Gorgeous Garden 3-Piece Mini Spatula Set',5.46,'The Pioneer Woman','The Pioneer Woman'),
	(629,353,'Brightz White LED Light String for Canopies, Canopybrightz',14.44,'Brightz','Brightz, Ltd.'),
	(630,402,'Costa Farms Live Indoor 20in. Tall Green Boston Fern, Shade, Plant in 10in. Hanging Basket',25.34,'Costa Farms','Costa Farms'),
	(631,386,'Panasonic 2.2 Cu. Ft. Countertop Microwave Oven, 1250W Inverter Power, Genius Cooking Sensor and Turbo Defrost, Stainless Steel Front - NN-T945SF',159.00,'Panasonic','PANASONIC'),
	(632,403,'Lucid® Revive Lavender and Aloe Memory Foam Topper, 3 inch, Queen',89.99,'Lucid','CVB Inc.'),
	(633,404,'Best Choice Products Hanging Curved Chaise Lounge Chair Swing for Backyard, Patio w/ Pillow, Canopy, Stand - Orange',229.99,'Best Choice Products','Best Choice Products'),
	(634,405,'Colorful Teacher Gift - Personalized Teacher Travel Coffee Mug',19.30,'ONLINE','Generic'),
	(635,406,'Exclusive Home Curtains Indoor/Outdoor Solid Cabana Grommet Top Curtain Panel Pair, 54x84, Blush',32.20,'Exclusive Home','Amalgamated Textiles'),
	(636,407,'7.5\'\'Commercial Stainless Steel Semi-Auto Meat Slicer, Cheese Food Electric Deli Slicer Veggies Cutter (#150W)',56.99,'Segawe','Segawe'),
	(637,385,'Cool Home Goods Rayon Bamboo Sheets Set -Softer Than Cotton Sheets-Queen Sheets-Deep Pockets- Wrinkle Free-Ultrasoft-4 Pieces, Queen Size, Gray',36.99,'Cool Home Goods','Cool Home Goods'),
	(638,408,'MoDRN Mid-century Matte Black Rod Iron Chandelier',59.98,'MoDRN','MoDRN'),
	(640,409,'Galanz 4.6. Cu ft Stainless Steel Look, 2-door Estar Compact Fridge with Freezer',211.96,'Galanz','ZHONGSHAN GALANZ CONSUMER ELECTRIC'),
	(641,410,'Mainstays 100% Polyester Travel Pillow 14\" x 20\" in White',3.72,'Mainstays','Mainstays'),
	(642,411,'Mainstays 4 Slice Black Toaster Oven with Dishwasher-Safe Rack & Pan, 3 Piece',19.88,'Mainstays','Mainstays'),
	(643,372,'Generic Clear Ice Tongs',0.98,'Generic','Generic'),
	(644,412,'Bonnie Plants Red Beefsteak Tomato 19.3 oz. 2-pack',9.36,'Bonnie Plants','Bonnie Plants'),
	(645,413,'Range Kleen Full-size Oven Liner',8.88,'Range Kleen','Range Kleen Family Dollar'),
	(646,414,'HART PowerFit Brushcutter Attachment (for Attachment Capable Trimmers)',68.00,'HART','Hart Consumer Products, Inc.'),
	(648,415,'Whalen Payton 3-in-1 Flat Panel TV Stand for TVs up to 65\", Multiple Finishes Available',149.00,'Whalen Furniture','Whalen Furniture'),
	(649,416,'66-qt Hefty Clear Latched Storage Bin, White/Navy',14.13,'Hefty','Hefty'),
	(650,417,'Farberware Portable Dishwasher with Built-In Water Tank with Baby Care and Fruit Wash Settings in White w/ 6-Place Setting Capacity, FDW05ASBWHA',487.16,'Farberware','Farberware'),
	(651,418,'Manhattan Comfort Rockefeller 1.0 Mid-Century- Modern Nightstand with 1-Drawer in White',104.31,'Manhattan Comfort','Manhattan Comfort'),
	(652,419,'Expert Gardener Step-In Post, White, 48\"',2.97,'Expert Gardener','Expert Gardener'),
	(653,340,'Crosley Hampton Outdoor Collapsible Gazebo',83.38,'Crosley','Crosley Brands, Inc'),
	(654,420,'South Shore Vito 5-Drawer Dresser, Multiple Finishes',189.99,'South Shore','South Shore'),
	(655,421,'Better Homes & Gardens Cameron 18\" Towel Bar With 6\" Extender, Oil Rubbed Bronze',18.96,'Better Homes & Gardens','Better Homes & Gardens'),
	(656,422,'ZENSTYLE 4 Tier Mini Greenhouse with PE Cover and Roll-Up Zipper Door',38.99,'ZenStyle','ZenStyle'),
	(657,383,'Wilton Plastic Cookie Cutter Set, 101-Piece Kit, ABC, 123, Shapes',10.00,'Wilton','Wilton'),
	(658,423,'Suncast BMS2500 53 x 31.5 x 45.5\" Horizontal Resin Outdoor Storage Shed w/ Floor',299.00,'Suncast','Suncast'),
	(659,19,'Ozeri ZK14 Pronto Digital Multifunction Kitchen and Food Scale',11.48,'Ozeri','Ozeri'),
	(661,409,'BLACK+DECKER 2.5 Cu. Ft. Energy Star Refrigerator with Freezer, VCM',202.41,'BLACK+DECKER','Applica Consumer Products, Inc'),
	(663,424,'Expert Gardener Heavy-Duty Metal 8-Pattern Watering Nozzle',4.78,'Expert Gardener','Expert Gardener'),
	(664,425,'Mainstays Metal Arm Futon, Black Metal Frame with Black Mattress',139.00,'Mainstays','Dorel Home Products'),
	(665,426,'Rachael Ray 10-Piece Cucina Nonstick Bakeware Set, Brown with Red Handles',99.99,'Rachael Ray','Meyer Corporation'),
	(666,392,'Dyna-Glo DGO1176BDC-D Vertical Offset Charcoal Smoker',211.99,'Dyna-Glo','GHP Group, Inc.'),
	(667,427,'Better Homes & Gardens Woven Water Hyacinth Tank Basket, Natural',12.97,'Better Homes & Gardens','Better Homes & Gardens'),
	(668,428,'PlayStation Store $20 Gift Card, Sony [Digital Download]',20.00,'Sony','Sony'),
	(669,429,'Ninja® Professional Food Processor, 850 Watts, 9-Cup Capacity, Auto-iQ Preset Programs, BN600',79.00,'Ninja','SHARKNINJA OPERATING LLC'),
	(670,430,'Country Smokers,The Traveler - Portable Wood Pellet Grill',255.00,'Country Smokers','Dansons Inc.'),
	(672,431,'Eliminator 1-Gallon Multipurpose Pump Sprayer',7.82,'Eliminator','Root-Lowell Manufacturing'),
	(673,432,'Sterilite 2 Bushel Ultra™ Laundry Basket White',8.34,'Sterilite','Sterilite Corporation'),
	(674,433,'Mainstays Wooden Outdoor Adirondack Chair, White Finish, Solid Hardwood',87.00,'Mainstays','Mainstays'),
	(675,434,'WWE Plush Throw, Kids Bedding, 46 x 60, Logo Blast, 1 Each',10.73,'WWE','Franco Manufacturing Co., Inc.'),
	(676,435,'Farberware Single-Flip Waffle Maker',18.96,'Farberware','Farberware'),
	(677,436,'Personalized This Is Us Doormat',17.96,'ONLINE','Personal Creations'),
	(678,387,'Your Zone Blue Stars Microfiber Sheet Set',12.77,'Your Zone','Your Zone'),
	(679,437,'Gardener Select 10\" Gazing Globe',37.18,'Gardener Select','Gardener Select'),
	(680,438,'Sauder Select 3-Shelf Bookcase, Salt Oak',109.99,'Sauder','Sauder'),
	(681,439,'Rubbermaid Resin Patio Storage Bench, Olive & Sandstone',145.60,'Rubbermaid','Rubbermaid Home Products'),
	(682,421,'Whitmor Shelf and Towel Rack Chrome',19.00,'Whitmor','Whitmor'),
	(683,440,'Ktaxon 10LBs Mini Twin Tub Washing Machine, Portable Washer Spin Dryer，White & Blue',32.31,'Ktaxon','Ktaxon'),
	(684,441,'Coleman Sportster Propane Grill',149.99,'Coleman','Coleman Company Inc'),
	(685,442,'Command Medium Bath Hooks Value Pack, Frosted, 6 Hooks',8.84,'Command','3M'),
	(686,391,'Greenworks 14-Inch 40V Chainsaw 2.5Ah Battery and Charger Included 2012802',176.01,'Greenworks','Greenworks'),
	(687,443,'Ups-A-Daisy Round Planter Insert 12\"-Fits 14-16\" Pots',17.83,'Bloem','Bloem/Adp'),
	(688,373,'Expert Gardener Light Duty 5/8\" x 50\' Garden Hose',8.94,'Expert Gardener','Expert Gardener'),
	(690,444,'Bartesian Premium Cocktail Machine, Gray, Model 55300',349.85,'Bartesian','Hamilton Beach'),
	(691,12,'Zimtown 10 Pairs Adjustable Spring Keepers Support Stretcher Shoe Shapers Men Shoes Tree',20.99,'Zimtown','Zimtown'),
	(692,445,'The Pioneer Woman Sweet Rose 6-Piece Rectangle Ceramic Nesting Bowl Set',19.98,'The Pioneer Woman','Gibson Overseas Inc.'),
	(693,446,'Outsunny 2-Person Patio Glider Bench Rocking Chair Loveseat Beige',139.99,'Outsunny','Aosom LLC'),
	(694,238,'Corelle Livingware 10.25\" Splendor Dinner Plate',3.54,'Corelle','Corelle Brands'),
	(695,346,'Better Homes & Gardens Belle Drive Outdoor Steel Wicker Rocking High Back Chair',114.00,'Better Homes & Gardens','Zhejiang Wude Furniture'),
	(696,447,'Tramontina PrimaWare 11\" Non-Stick Steel Gray Square Griddle',12.72,'Tramontina','Tramontina'),
	(697,19,'Dritz Cheesecloth, 3 Yd.',2.97,'Dritz','Supplier Generic'),
	(698,448,'31.5\" x 55\" Rectangular Tempered Glass Metal Table-Color:Clear Top/Black Frame',121.58,'Flash Furniture','Flash Furniture'),
	(699,449,'VEVOR Manual Sausage Stuffer Maker 3L Capacity Two Speed Vertical Meat Filler Stainless Steel with 5 Stuffing Nozzles, Commercial and Home Use',109.99,'VEVOR','VEVOR'),
	(700,447,'Imusa Cast Aluminum Natural Caldero # 4 (2.5 Ltr / 22cm / 2.6qt) 94046805637',14.47,'IMUSA','IMUSA'),
	(701,438,'Easyfashion Mid-Back Mesh Office Chair Ergonomic Computer Chair, Black',49.82,'Easyfashion','Easyfashion'),
	(702,450,'Waterpik 8-Mode Powerspray+ Hand Held Shower Head, Chrome, NSP-853E',23.64,'Waterpik','Waterpik'),
	(703,424,'1/4\" X 50\' Porous Soaker Tubing',6.88,'Orbit','Orbit'),
	(704,451,'52\" Honeywell Blufton Outdoor Ceiling Fan, White',89.00,'Honeywell','Honeywell Ceiling Fans'),
	(705,452,'Mainstays Hello Coir Outdoor Doormat, Natural and Black, 18\" x 30\"',11.44,'Mainstays','Mainstays'),
	(706,453,'Your Zone 25-Liter Flexible Storage Tub / Tote - \"New Sports\". Flexible & Extremely Strong Tote',6.92,'Your Zone','Your Zone'),
	(707,454,'Light Solid Embossed 3 Piece Quilt Set, Full/Queen Size,Bedspread Lightweight',25.99,'JML Bedding','JML Bedding'),
	(708,455,'Expert Grill 3 Burner 27,000 BTU Gas Grill, Black, XG10-101-002-02',97.00,'Expert Grill','Expert Grill'),
	(709,456,'NewAir AI-100R 28 lb. Portable Ice Maker',170.00,'NewAir','NewAir'),
	(710,457,'Lodge 6.5 Quart Enameled Cast Iron Dutch Oven in Red, 6.5 qt',59.99,'Lodge','Lodge'),
	(711,458,'24 Inch Bathroom Vanity Set with Sink PVC Board Cabinet Vanity Combo with Counter Top Glass Vessel Sink Vanity Mirror and 1.5 GPM Faucet',228.90,'Elecwish','ELECWISH'),
	(712,459,'ShelterLogic Corral Horse Shelter, Green, 12 x 12 ft, Animal Shelter',298.99,'ShelterLogic','ShelterLogic Corp.'),
	(713,635,'Expert Gardener Empire Black Powder Coated Steel Garden Border 22.5 inches W x 18 inches H',4.97,'Expert Gardener','Expert Gardener'),
	(714,371,'Hiland Bahama Blend Recycled Fire Glass, 10 lbs',22.14,'Hiland','AZ Patio Heaters'),
	(715,461,'Rick And Morty - TV Show Poster / Print (Characters / Wars)',10.99,'Movie Posters USA','Movie Posters USA'),
	(716,462,'BioPEDIC Memory Foam Knee Support Pillow',12.97,'Biopedic','Soft-tex International, Inc.'),
	(717,463,'Best Choice Products 10ft Solar LED Lighted Patio Umbrella w/ Tilt Adjustment, Fade-Resistant Fabric - Light Blue',84.99,'Best Choice Products','Best Choice Products'),
	(718,464,'Naruto - Itachi Poster',9.99,'Trends International','Trends International'),
	(719,20,'Arrow H2O 2.5-Gal Slim line Beverage Dispenser, Blue',7.26,'Arrow','ARROW HOME PRODUCTS'),
	(720,465,'Balkene Home Vega Natural Stain Wooden Outdoor Armchair',158.63,'Patio Sense','Well Traveled Living'),
	(721,466,'Regal Tufted Bed with USB Power Connection',195.80,'Belle Isle Furniture','Belle Isle Furniture'),
	(722,467,'Pit Boss Platinum KC Combo, WiFi and Bluetooth Wood Pellet and Gas Grill',747.00,'Pit Boss','Dansons Inc.'),
	(723,468,'Wilton Performance Pans Tierd-Cake Aluminum Pan Set, Round, 3-Piece',14.97,'Wilton','Wilton'),
	(724,469,'Hamilton Beach 6-Speed Hand Mixer with Snap-On Case, Black, Model 62683',14.96,'Hamilton Beach','Hamilton Beach Brands'),
	(725,470,'Forever Collectibles NCAA Licensed Team Gnome, Clemson University Tigers',20.67,'NCAA','Forever Collectibles'),
	(726,471,'Mainstays Double Burner',22.96,'Mainstays','Mainstays'),
	(727,433,'Lifetime Wood Alternative Adirondack Chair - Brown, 60064',214.77,'Lifetime','Lifetime Products'),
	(728,47,'IRIS USA 12 Qt Plastic Storage Box with Latches',8.25,'IRIS USA','IRIS USA'),
	(729,472,'Flash Furniture Commercial Grade 24\" High Backless White Metal Indoor-Outdoor Counter Height Stool with Square Seat',44.59,'Flash Furniture','Flash Furniture'),
	(730,473,'Westclox LCD Alarm Clock',6.88,'Westclox','Generic'),
	(731,474,'Rubbermaid Classic 1 Gallon Beverage Pitcher with 3 Position Lid',3.92,'Rubbermaid','Rubbermaid Commercial'),
	(732,475,'Wilton Writing Tip Set, 4.0 CT',3.00,'Wilton','Wilton Industries Inc.'),
	(733,476,'Febreze Unstopables Wax Melts Air Freshener, Fresh Scent, 8 ct',3.97,'Febreze','Procter & Gamble'),
	(734,477,'SodaStream One Touch Electric Sparkling Water Maker Kit',99.99,'SodaStream','SodaStream'),
	(735,441,'Coghlan\'s 41” Chromed-Steel Wooden Handle Roasting Camp Fork',2.76,'Coghlan\'s','Coghlan\'s'),
	(736,358,'ALEKO Hook Style Hand Crank for Retractable Awnings - White',15.53,'ALEKO','ALEKO'),
	(737,478,'Mainstays Unscented Votive Candles, Ivory, 16-Pack',3.97,'Mainstays','Mainstays'),
	(738,19,'Mainstays 12-inch Stainless Steel Whisk with Silicone-coated Wires',0.88,'Mainstays','Mainstays'),
	(739,479,'KitchenAid 5 Quart Tilt-Head Glass Bowl with Measurement Markings - KSM5NLGB',39.92,'KitchenAid','KitchenAid'),
	(740,385,'Premium 1800 Ultra-Soft Microfiber Collection Sheet Set - Double Brushed - Hypoallergenic - Wrinkle Resistant - Deep Pocket (Queen, Gray)',29.99,'Bare Home','Bare Home'),
	(741,355,'Farberware 3.2 Quart Oil-Less Multi-Functional Air Fryer, Black',58.39,'Farberware','Farberware'),
	(742,386,'Sharp ZSMC1842CS 1.8 Cu Ft Microwave, Stainless Steel',131.23,'Sharp','Sharp'),
	(743,480,'Nourison Aloha Indoor-outdoor Floral Red/Multicolor Area Rug',82.23,'Nourison','Nourison'),
	(744,481,'Sunbeam BSM9KQS-R310-16A00 Channeled Microplush Heated Blanket, Queen - Garnet',59.99,'Sunbeam','Newell Rubbermaid, Inc'),
	(745,482,'Your Zone 17 Gallon Tub with Grey Rope Handles, Stadium Blue, Set of 2',4.98,'Your Zone','Your Zone'),
	(746,483,'Magic Chef 1.6 cu.ft. Topload Compact Washer, Dark Gray',275.00,'Magic Chef','Magic Chef'),
	(747,484,'CALHOME Duable Boat Kayak Canoe Carrier Transport Trailer Tote Trolley Dolly Wheel',43.60,'Calhome','CALHOME'),
	(749,485,'Downy April Fresh, 174 Loads Liquid Fabric Softener, 150 fl oz',10.94,'Downy','Procter & Gamble'),
	(750,486,'Frigidaire Retro 10L, 15-can Mini Fridge EFMIS183-SS, Stainless Steel',49.94,'Frigidaire','CURTIS INTERNATIONAL LTD'),
	(751,487,'Parsons Coffee Table, Multiple Colors - White',40.00,'Mainstays','Ameriwood Industries'),
	(752,488,'Mini Modern Crystal Chandeliers Flush Mount Rain Drop Pendant Ceiling Light for Girls Room,Bedroom(6.29Inch)',33.48,'Goeco','Goeco'),
	(753,361,'Loco Cookers Propane 12 Quart Fish Fryer With Sure Spark',84.00,'Loco Cookers','LoCo-Crazy Good Cookers, LLC'),
	(754,384,'Snapper Ignition Key Pair for Lawn Mowers & Tractor / 7800268, 331416BVE & more / Simplicity Murray / 7011138YP 7011138',10.79,'Snapper','Snapper'),
	(756,347,'Mainstays 12 Cup White Coffee Maker with Removable Filter Basket',11.88,'Mainstays','Mainstays'),
	(757,489,'Hyper Tough 32 Gallon Injection Molded Recycling Trash Can - Blue',12.88,'Hyper Tough','United Solutions'),
	(758,19,'Silicone Spatula Set Flexible Heat Resistant Rubber Spatula Turner Kitchen Cooking Utensils Spoonula Cake Tools Orange',9.86,'TQS','TQS'),
	(759,490,'Queer Eye Farnsworth Mid-Century Coffee Table, Walnut',87.50,'Queer Eye','Ameriwood Industries'),
	(760,491,'Keter Pacific 7.5 Gallon Cool Bar , Resin Outdoor Patio Beverage Cooler Table, Extra Storage, Rattan Look Brown',82.99,'Keter','Keter'),
	(761,492,'MoDRN Ceramic Table Lamp with Black Accent Pattern',78.00,'MoDRN','MoDRN'),
	(762,493,'Landscape Rock Natural Sandstone Appearance Large Lightweight Easy to Install',27.99,'Emsco Group','Emsco Group'),
	(763,494,'Bigfoot Toddler Snow Shovel',11.10,'Generic','Emsco Group'),
	(764,495,'George Men\'s Big & Tall Relaxed Fit Jean',14.96,'GEORGE','GEORGE'),
	(765,496,'iTouchless 13 Gallon Stainless Steel Automatic Trash Can with Odor-Absorbing Filter, Sensor Kitchen Garbage Bin, Power by Batteries (not included) or Optional AC Adapter (sold separately)',69.78,'iTouchless','iTouchless Housewares & Products Inc'),
	(766,497,'Deck Box 71 Gallon Brown',39.95,'DuraMax','US Polymers'),
	(767,352,'KitchenAid 2 Speed Empire Red Hand Blender - Closeout',49.99,'KitchenAid','KitchenAid'),
	(768,498,'Champion Power Equipment Wheel Kit with for 2800 to 4750-Watt Generators',38.00,'Champion Power Equipment','Champion Power Equipment'),
	(770,19,'Mainstays Nonstick 6 Cup Muffin Pan, Cupcake Pan, 2.9\" Diameter Cup, Dark Gray',1.48,'Mainstays','Mainstays'),
	(771,500,'Wilton Icing Bag Ties, 12-Count - Rubber Icing Bag Ties',1.34,'Wilton','Wilton'),
	(772,501,'KOOTION 5W 48 LEDs Clamp Desk Lamp, Eye-Caring Reading Light, 3 Modes 14 Brightness Adjustable Gooseneck, USB Clip on Night Light for Study, Bed Headboard, Dressing Table,Black',15.49,'Kootion','KOOTION'),
	(773,502,'Mainstays 2-Slice Toaster with 6 Shade Settings and Removable Crumb Tray',9.88,'Mainstays','Mainstays'),
	(774,503,'Mega Construx Boeing F/A 18E Super Hornet Building Toy Construction Set',9.99,'Mega Construx','Mega Construx'),
	(775,429,'Brentwood Appliances MC-109R 1.5-Cup Mini Food Chopper (Red)',18.44,'Brentwood Appliances','Brentwood Appliances'),
	(776,493,'Ebros Whimsical Garden Dragon Making Funny Faces Statue 10.25\" H Cute Baby Dragon Faux Stone Resin Finish Figurine',44.99,'Ebros Gift','Ebros Gift'),
	(777,504,'Zenna Home 26 to 76-Inch Adjustable Tension Shower Rod, White',11.99,'Zenna Home','Zenith Products Corp.'),
	(778,452,'Cotton Buffalo Plaid Rugs Black and White Checkered Rug Welcome Door Mat (17.7\"x27.5\") Rug for Kitchen Carpet Bathroom Outdoor Porch Laundry Living Room Braided Throw Mat Washable Woven Buffalo Check',15.99,'Coolmade','YINGQING TRADE LIMITED'),
	(779,429,'Cuisinart Food Processors Elemental 4-Cup Chopper/Grinder',39.95,'Cuisinart','Conair'),
	(780,505,'Hunter 42\" Builder Snow White Ceiling Fan with Light Kit and Pull Chain',99.99,'Hunter Fan','Hunter Fan'),
	(781,506,'Westinghouse WGen3600DF Dual Fuel (Gas and Propane) Electric Start Portable Generator 3600 Rated 4650 Peak Watts, RV Ready, CARB Compliant',650.00,'Westinghouse','Westinghouse'),
	(782,507,'Your Zone Metallic Marble Comforter Bedding Set, Twin/Twin XL, Rose Gold',29.98,'Your Zone','Idea Nuova'),
	(783,508,'HART PowerFit Edger Attachment (for Attachment Capable String Trimmer)',67.00,'HART','Hart Consumer Products, Inc.'),
	(784,400,'Fiskars Hoe, Fiberglass, Orange and Black, 1pc, 395170-1001',26.77,'Fiskars','Fiskars Brands Inc'),
	(785,450,'AquaDance Microban Antimicrobial/Anti-Clog High-Pressure 6-setting Shower Head, Chrome',7.79,'AquaDance','Interlink Products'),
	(787,447,'Cooling, Baking & Roasting Wire Racks for Sheet Pans - 100% Stainless Steel Metal Racks for Cooking - Dishwasher Safe, Rust Resistant, Heavy Duty (10\" x 14.75\" - Set of 2)',29.98,'Ultra Cuisine','Ultra Cuisine'),
	(788,509,'Tasty 1.5 Quart Borosilicate Glass Micro-Pop Microwave Popcorn Popper, Red',8.88,'Tasty','Tasty'),
	(789,510,'Indoor/Outdoor Patio Carbon Infrared Heater with Remote Control & Free Standing Mount (1500 W)',69.99,'e-Joy','e-Joy'),
	(790,511,'US Weight Canopy Weights for Securing Canopies, Tents, and Umbrellas at Outside Events',16.95,'US Weight','US Weight'),
	(791,451,'Mainstays 42\" Hugger Metal Indoor Ceiling Fan with Single Light, White, 4 Blades, LED Bulb, Reversible',23.87,'Mainstays','Mainstays'),
	(792,501,'Torchstar Metal Swing Arm Desk Lamp, Interchangeable Base & Clamp for College, Red',29.99,'\"#REF!\"','TORCHSTAR'),
	(793,512,'Elite Gourmet MST-250XS 1.5-Qt. Mini Slow Cooker, Stainless Steel',13.99,'Elite Gourmet','Generic'),
	(794,513,'Luna velvet Side Chair for bedroom or living room in Pink',94.88,'14 Karat Home','14 Karat Home'),
	(795,353,'Sport-Brella Versa Brella Universal Umbrella FireBrick Red, X-Large',29.99,'Sport-Brella','Implus'),
	(797,514,'Hawaii, Kauai, Kealia Beach Sunrise Photo Print Wall Art By Rob Tilley',15.99,'Art.com','Art.com'),
	(798,122,'Musehomenic End Table with Drawer and Shelf, Metal Legs, Black',54.00,'MUSEHOMEINC','MUSEHOMEINC'),
	(799,515,'Women Plus Size Bathing Suits, Color Block Striped Tankini Swimsuits with Boyshorts Swimwear',22.99,'Reactionnx','Reactionnx'),
	(800,403,'Spa Sensations by Zinus 12\" Theratouch Memory Foam Mattress, Queen',339.00,'Spa Sensations','ZINUS'),
	(802,516,'Pennington Annual Ryegrass Grass Seed, for Quick Repair and Winter Over-seeding; 20 lb.',29.84,'Pennington','Central Garden & Pet'),
	(803,508,'HART 2-Pack .065-inch Pre-Wound Cordless Trimmer Spools',9.76,'HART','HART'),
	(806,517,'Estilo Mason Jar Mugs with Handle and Straws Old Fashioned Drinking Glass Set 6, 16 oz Each',19.44,'Estilo','Estilo'),
	(807,518,'Home Essence Prospect 3M Moisture Management Down Alternative Blanket, Full/Queen, Charcoal',30.24,'Home Essence','E & E Co. Ltd'),
	(808,519,'Greenes Fence Cedar Wood Composter 36\" x 36\" x 31\"',110.00,'Greenes Fence','Greenes Fence Company Inc'),
	(809,520,'Expert Gardener Galvanized Metal Garden Raised Tub Planter, Large, Silver',19.97,'Expert Gardener','PANACEA PRODUCTS'),
	(810,519,'Minky Homecare Compost Food Caddy White',14.99,'Minky','Minky Homecare'),
	(811,521,'Zamioculcas Zamiifolia ZZ - 4\" Pot',19.99,'House Plant Shop','House Plant Shop'),
	(812,340,'VEVOR Outdoor Canopy Gazebo 10x10ft with Four Sandbags - Pop Up Gazebo with Netting - Patio Gazebo Brown for Backyard, Outdoor, Patio and Lawn',169.99,'VEVOR','VEVOR'),
	(813,522,'AmeriHome 6 Piece Stainless Steel Stock Pot Set',34.99,'AmeriHome','AmeriHome'),
	(814,19,'Sterilite 8 Piece Covered Bowl Set, Blue Atoll',5.78,'Sterilite','sterilite'),
	(815,380,'MerryLife Weighted Blanket 12 lbs 48\" X 72\" Twin Size | Duvet Cover Removable | Glass Beads Filling Heavy Blanket Grey',49.99,'Merrylife','MR Blue'),
	(816,523,'GreenLife Bakeware Healthy Ceramic Nonstick, Rectangular Cake Pan, 13\" x 9\", Turquoise',14.99,'GreenLife','GreenLife'),
	(817,383,'Mainstays Loaf Pans, 3 Count',2.72,'Durable Foil','Durable Foil'),
	(819,259,'Hyper Tough 17-Inch Curved Shaft Gas String Trimmer',78.00,'Hyper Tough','Hart Consumer Products, Inc.'),
	(820,524,'Studio California Mauna 12 Piece Melamine Dinnerware Set in Blue Crackle Look Decal',35.77,'Studio California','Studio California'),
	(821,525,'Zeny Home Pub Solid Wood Wine Rack - Freestanding Storage Display for Wine Lovers Four Different Sizes Suitable for Different Storing Amount (96 Bottles, 8 Tiers x 12)',95.99,'ZENY','ZENY'),
	(822,526,'BTS (Bangtan Boys) - Group Poster',8.50,'Trends International','Trends International'),
	(825,527,'Super Sliders 3-1/2 x 6\" Rectangle Self Stick Felt Pad for Hardwood Beige, 2 Pack',2.64,'Super Sliders','Super Sliders'),
	(826,528,'Mini Wooden Chainsaw Handheld Cordless Electric Protable Chainsaw One-Hand Pruning Shears Chainsaw for Tree Branch Wood Cutting',60.99,'Myriann','Myriann'),
	(828,529,'Sun Joe SWJ803E Electric Multi-Angle Pole Chain Saw , 10 inch - 8.0 Amp (Green)',71.99,'Sun Joe','Snow Joe'),
	(829,451,'Better Homes & Gardens 52\" White 3 Light Ceiling Fan with 5 Blades and Reversible Airflow',78.94,'Better Homes & Gardens','Better Homes & Gardens'),
	(830,363,'Farberware Colourworks 11-piece Rainbow Titanium Teal Knife Set',19.83,'Farberware','Farberware'),
	(831,530,'Athletic Works Women\'s Plus Size Dri More 22\" Core Capri',14.96,'Athletic Works','Athletic Works'),
	(832,377,'DHP Dakota Upholstered Platform Bed, Queen Size Frame, White',249.00,'DHP','Dorel Home Products'),
	(833,531,'Ozark Trail 20\' x 10\' Straight Leg Instant Canopy (200 Sq. ft Coverage), White, Outdoor',134.00,'Ozark Trail','Westfield Outdoor Inc.'),
	(834,532,'Rest Haven Hypoallergenic Down Alternative Comforter, 250 GSM Fill, White/White, Oversized King',54.99,'Rest Haven','Rest Haven'),
	(835,535,'Expert Gardener Women\'s Small Jersey Grip Garden Gloves, 2pairs',4.86,'Expert Gardener','Expert Gardener'),
	(836,477,'Ninja Foodi Cold & Hot Blender HB100',119.00,'Ninja','SharkNinja'),
	(837,528,'WEN 40V Max Lithium Ion 16-Inch Brushless Cordless Chainsaw with 4Ah Battery and Charger',152.52,'WEN Products','WEN'),
	(838,534,'Better Homes & Gardens 8-Cube Storage Organizer, With 8 Openings For Storage In Multiple Finishes',69.00,'Better Homes & Gardens','Better Homes & Gardens'),
	(839,519,'RSI-MAZE 65 Gal. Two Stage Tumbling Composter - Black',175.00,'RSI','Riverstone Industries Corp'),
	(840,350,'Arctic King 1.1 Cu ft Upright Freezer AUFM011AEW, White',129.00,'Arctic King','Arctic King'),
	(841,535,'Hyper Tough Leather Palm Glove, Size L',1.97,'Hyper Tough','Hyper Tough'),
	(842,536,'Mainstays Zippered NexGen Waterproof Allergy Relief Mattress Protector, Twin',9.97,'Mainstays','Mainstays'),
	(843,537,'Umbra Trigg Wall Display (Set of 2)',20.80,'Umbra','Umbra'),
	(844,538,'Mainstays Basic Bath Collection, 18-Piece Towel Set, Arctic White (4 Bath, 4 Hand, 10 Wash)',24.99,'Mainstays','Mainstays'),
	(845,539,'Elemental 11 Cup Food Processor Gun Metal',88.32,'Cuisinart','Conair'),
	(846,540,'Willow Bay Outdoor Rocking Chair, White',189.99,'Willow Bay','PT International Furniture Industries'),
	(847,541,'Economy Mix Wild Bird Feed, Value Blend of Bird Seed, 20 lb. Bag',7.64,'Global Harvest Foods','Global Harvest'),
	(848,438,'Mainstays Student Desk with Easy-glide Drawer, Blackwood Finish',79.00,'Mainstays','Mainstays'),
	(849,341,'Best Choice Products 150W Horizontal Slow Masticating Juicer in Gray, Cold Press Extractor w/ Lock, Reverse Mode, Quiet Motor',59.99,'Best Choice Products','Best Choice Products'),
	(850,542,'Quest Tortilla Style Protein Chips Loaded Taco 8PK',19.68,'Quest Nutrition','Quest Nutrition'),
	(851,543,'Mainstays Micro Mink Plush Backrest Lounger Pillow, Rich Black Poly Micro Mink',15.87,'Mainstays','Mainstays'),
	(852,544,'Weber Genesis II E-330 NG Black',899.00,'Weber','Weber Stephen Products'),
	(853,513,'HomePop Classic Swoop Arm Accent Chair',180.41,'HomePop','Kinfine USA Inc'),
	(854,385,'Mainstays Soft Wrinkle Resistant Microfiber Twin/Twin XL Arctic White Sheet Set',9.44,'Mainstays','Mainstays'),
	(855,545,'Mainstays Silver Grab and Go Stick Lamp with USB Port',17.97,'Mainstays','Mainstays'),
	(856,12,'Sunbeam 3-Tier Wooden Shoe Rack',14.00,'Sunbeam','Generic'),
	(858,546,'Better Homes & Gardens Pillow Lounge Chair, Brown Faux Leather Upholstery',99.00,'Better Homes & Gardens','Better Homes & Gardens'),
	(859,547,'Mainstays Flexible Square Laundry Basket, 15\" x 15\"',4.12,'Mainstays','Mainstays'),
	(860,478,'Mainstays Flameless LED Tealights, Ivory, Set of 6',4.88,'Mainstays','Mainstays'),
	(861,548,'Oklahoma Joe\'s Bronco Charcoal Barrel Drum Smoker- Black',299.99,'Oklahoma Joe\'s','Oklahoma Joe\'s'),
	(862,459,'Caravan Canopy Domain Basic 10\'x20\' Carport Shelter',99.00,'Caravan Canopy','CARAVAN CANOPY INT\'L INC.'),
	(863,404,'Keter Knit Cozy Urban 3-piece Furniture Set, White and Grey',128.58,'Keter','Keter'),
	(864,549,'Outsunny Outdoor Folding Chaise Lounge Sun Recliner Chair Beach Patio Lightweight, Blue',70.49,'Outsunny','Aosom LLC'),
	(865,482,'Plaid 90525E Unpainted Wood Surface, Pallet Box, 1 Piece, 5.25\" x 5.25\" x 3\"',3.97,'Plaid','Plaid'),
	(866,352,'NutriBullet 500 Personal Blender with 3 Pieces, Matte White & Gold',29.96,'NutriBullet','Capital Brands'),
	(867,550,'Ktaxon 10\'x10\' 4 Sides Carport Car Canopy Versatile Shelter Car Shed  White',64.99,'Ktaxon','Ktaxon'),
	(868,551,'ShelterIt Peak Style Shed Kit, 8 x 7 ft.',39.99,'ShelterIt','ShelterIt'),
	(869,19,'Mainstays Measuring Cup 4 cups, single',1.98,'Mainstays','Mainstays'),
	(870,536,'Bed Bug Resistant & Waterproof Mattress Protector,Super Soft Quiet- Twin/Full/Queen/King Size in Plain White',22.00,'JML Bedding','JML'),
	(871,552,'Sierra Silky Soft 100-Percent Cotton Reversible Duvet Cover Set Smooth & Soft Appearance- 3 Sizes',29.99,'Royal Tradition','Royal Plaza Textiles, Inc.'),
	(872,553,'Amana NED4655EW 6.5 Cu. Ft. White Electric Dryer',644.77,'Amana','Amana'),
	(874,463,'Best Choice Products 10ft Offset Hanging Outdoor Market Patio Umbrella w/ Easy Tilt Adjustment - Cream',89.99,'Best Choice Products','Best Choice Products'),
	(875,425,'DHP Vermont Metal Futon Frame',130.00,'DHP','DHP'),
	(876,554,'3-D Pet Products Premium 6lb Dove & Quail Food',6.87,'3-D Pet Products','D & D Commodities'),
	(877,355,'GoWISE USA 3.7-Quart 8-in-1 Electric Programmable Air Fryer, Black',61.39,'GoWISE USA','GoWISE USA'),
	(878,555,'Mainstays Indoor 11.5\" Mint Arabic Retro Schoolhouse Wall Clock',8.94,'Mainstays','Mainstays'),
	(879,556,'Pennington Terra Cotta Clay Planter, 8 in. Pot',0.98,'Pennington','Central Garden and Pet'),
	(880,557,'Antique Brass Arch Floor Lamp with Rattan Shade by Drew Barrymore Flower Home',123.80,'Drew Barrymore Flower Home','Drew Barrymore Flower Home'),
	(881,558,'Starbay Women\'s Casual Beach Wear Flip Flop Sandals',12.99,'Star Bay','Star Bay'),
	(882,559,'Mainstays 3 Piece Metal and Wood Dining Set, Table Height 29.15\'\', Multiple Colors (2 People seating capacity)',89.00,'Mainstays','Mainstays'),
	(883,560,'Flash Furniture Commercial Grade 31.5\" Square White Metal Indoor-Outdoor Bar Height Table [CH-51040-40-WH-GG]',102.49,'Flash Furniture','Flash Furniture'),
	(884,561,'BlenderBottle Classic V2 Shaker Cup 24oz Blue',7.48,'BlenderBottle','BlenderBottle'),
	(885,477,'Farberware Programmable Digital Pressure Cooker, 6 Quart',49.88,'Farberware','Farberware'),
	(886,19,'Cooking Light 5 Piece Nylon Kitchen Utensil Set, Black',14.24,'Cooking Light','Epoca International'),
	(887,562,'Equity by La Crosse 75903 0.9\" Blue LED Digital Desktop Alarm Clock',9.88,'Equity by La Crosse','Equity by La Crosse'),
	(889,545,'Better Homes & Gardens Diamond Weave Table Lamp, Distressed White',38.89,'Better Homes & Gardens','Better Homes & Gardens'),
	(890,532,'Modern Threads Beck Garment Washed 4-Piece Super Soft Comforter Set, Full/Queen, Rose',57.80,'Modern Threads','Amrapur Overseas, Inc.'),
	(891,563,'Under Bed Storage Shoe Organizer Bag with Clear Plastic Zippered Cover, Stores 12 Pairs of Shoes by Everyday Home (Brown)',13.83,'Everyday Home','Trademark Global'),
	(892,564,'Set of 2 Soft Double Brushed Microfiber Pillow Shams, Available in King Standard and Euro, Premium Hotel Luxury Solid Pillow Cases Cover, Hypoallergenic, (Euro 26\"x26\" - Charcoal Gray)',11.49,'Nestl Bedding','Nestl Bedding'),
	(894,433,'Flash Furniture Charlestown All-Weather Adirondack Chair in Sea Foam Faux Wood',149.99,'Flash Furniture','Flash Furniture'),
	(895,565,'Nuby 2 Pk 10oz No-Spill Insulated Light Up Easy Sip Cup, Rockets',10.97,'Nuby','Nuby'),
	(896,566,'EasyLiner Select Grip 20 in. x 6 ft. Light Gray PVC Shelf Liner',4.96,'Duck','Shurtape Technologies'),
	(897,355,'Cuisinart AFR-25 Air Fryer, Silver',99.95,'Cuisinart','Conair'),
	(898,567,'Great Value Twist Tie Storage Bags, Gallon, 100 Count',3.18,'Great Value','Great Value'),
	(899,568,'Commercial Bargains 2 Large 8\" x 50\' Vacuum Saver Rolls Commercial Grade Food Sealer Bags',22.74,'Commercial Bargains','Commercial Bargains'),
	(900,569,'Personalized Tassel Graduation 8\"x10\" Frame w/Any Year',26.92,'Personalized Gifts','Generic'),
	(901,570,'Shark Steam Mop, S1000WM',39.00,'Shark','Shark'),
	(902,385,'1800 Thread Count 4 Piece Deep Pocket Bedroom Bed Sheet Set RV Queen - Teal',16.99,'Sweet Home Collection','Sweet Home Collection'),
	(903,412,'Bonnie Plants Black Beauty Eggplant 19.3 oz. 2-pack',9.36,'Bonnie Plants','Bonnie Plants'),
	(904,516,'Pennington Smart Seed Bermudagrass Grass Seed Mix for Sunny Lawns, 1.75 lb.',7.48,'Pennington','Central Garden and Pet'),
	(905,571,'Garland Rug Traditional Soft & Plush Solid Chili Pepper Red Washable Nylon 24\"x40\" Bathroom Rug',14.98,'Garland Rugs','Garland Rugs'),
	(906,572,'Garden Zone 71017 60 in. x 50 ft. Galvanized Steel Garden Fence, Silver',95.15,'Garden Zone','Garden Zone Llc'),
	(907,363,'Farberware Edgekeeper Classic 6-inch Cleaver Knife with Black Self-Sharpening Sleeve and Handle',12.97,'Farberware','Lifetime Brands Inc'),
	(908,573,'Glencairn Crystal Whiskey Glass, Set of 2 Hailed as \"The Official Whiskey Glass\"',16.01,'Glencairn','Glencairn'),
	(909,574,'Outsunny 28\" Stainless Steel Small Portable Folding Charcoal BBQ Grill Set',38.99,'Outsunny','Aosom LLC'),
	(910,450,'Mainstays 5-Spray Showerhead in Chrome Finish',15.97,'Mainstays','Mainstays'),
	(911,575,'Better Homes and Gardens Chenille 3 Piece Duvet Cover Set, King, White',64.99,'Better Homes & Gardens','Pan Overseas'),
	(912,472,'Flash Furniture 30\'\' Round Wood Cocktail Table with 30\'\' and 42\'\' Columns',81.79,'Flash Furniture','Flash Furniture'),
	(913,342,'Duck Covers Essential Water-Resistant 29 Inch Patio Chair Cover',17.99,'Duck Covers','Classic Accessories'),
	(914,576,'NewAir Portable Ice Maker 33 lb Daily Icemaker, 2 Ice Bullet Sizes, Perfect Machine for Countertops, NIM033SS00 Stainless Silver',163.04,'NewAir','NewAir'),
	(915,400,'Fiskars Heavy-Duty Drain Spade, Orange and Black, 1 each, 395120-1001',29.64,'Fiskars','Fiskars Brands, Inc.'),
	(916,577,'Nutri Ninja Cups with Sip & Seal Lids - Set of 2 24oz',17.99,'Ninja','Ninja'),
	(917,426,'Rachael Ray 3-Piece Yum-o! Nonstick Bakeware Oven Lovin’ Cookie Pan Set, Gray with Orange Silicone Grips',44.69,'Rachael Ray','Meyer Corporation US'),
	(918,578,'Outdoor Solar Powered 30 LED String Light Garden Patio Yard Landscape Lamp Party',13.98,'LINKPAL','LINKPAL'),
	(919,579,'Weber Spirit II E-210 Propane Gas Grill, Black',419.00,'Weber','Weber-Stephen Products'),
	(920,20,'Corelle 28 Ounce Winter Frost White Bowl',4.92,'Corelle','Corelle'),
	(921,580,'Caribbean Joe Deluxe Beach Chair - Blue',49.96,'Caribbean Joe','Supplier Generic'),
	(922,581,'Aroma 6 Cup Non-Stick Pot Style White Rice Cooker, 3 Piece',16.96,'Aroma','Aroma'),
	(923,582,'Greendale Home Fashions 15\'\' Outdoor Bistro Chair Cushion, Set of 2',34.99,'Greendale Home Fashions','Greendale Home Fashions'),
	(924,404,'Kinbor 7pcs Outdoor Patio Furniture Sectional Pe Rattan Wicker Rattan Sofa Set with Aqua Cushions',849.99,'Kinbor','REOS071BU+REOS072BU+REOS073BU'),
	(925,513,'Picket House Furnishings Lincoln Accent Chair',257.40,'Picket House Furnishings','Elements International'),
	(926,521,'United Nursery Sansevieria Trifasciata Laurentii Snake Plant Live Indoor Outdoor House Plant Ships in 6 Inch Grower Pot at 14-19 Inches Tall',18.98,'United Nursery','United Nursery'),
	(927,493,'Design Toscano Frederic the Little Fisherman of Avignon Boy Fishing Garden Statue, 15 Inch, Polyresin, Two Tone Stone',48.90,'Design Toscano','Design Toscano'),
	(928,233,'Mainstays Vanilla Scented Single-Wick Frosted Jar Candle, 19.25 oz.',7.97,'Mainstays','Mainstays'),
	(929,568,'Handi-Foil ECO-Foil Cook-n-Carry 13\" x 9\" Cake Pan with Lid',2.58,'Handi-foil','Handi-foil'),
	(930,386,'Hamilton Beach 1.6 Cu.ft Black Stainless Steel Digital Microwave Oven',99.00,'Hamilton Beach','Hamilton Beach'),
	(931,370,'Better Homes & Gardens Lindon Place 60\" TV Credenza with Storage, Vintage Oak Finish',219.00,'Better Homes & Gardens','Sauder'),
	(932,359,'HART 40-Volt Cordless 12-inch String Trimmer and Blower Combo',158.00,'HART','HART'),
	(933,545,'Mainstays 3.5 Watt Dimmable LED Desk Lamp with USB Port, Black',19.96,'Mainstays','Mainstays'),
	(934,19,'Mainstays 12\" Stainless Steel Locking Cooking Tongs',0.97,'Mainstays','Mainstays'),
	(935,566,'Great Value Self-Standing Lunch Bags, Brown, 100 Count',1.96,'Great Value','Great Value'),
	(936,583,'Blackstone Griddle Seasoning and Cast Iron Conditioner',9.97,'Blackstone','North Atlantic Imports LLC'),
	(937,545,'Simple Designs Chrome Mini Basic Table Lamp with Fabric Shade 2 Pack Set',21.67,'Simple Designs','Simple Designs'),
	(939,584,'VEVOR Double Burner Stove Flat Top Griddle 32x17 inch, Propane Gas Grill Griddle Stainless Steel, with 2 Burner for Home and Outdoor Use',210.99,'VEVOR','VEVOR'),
	(940,585,'Personalized Pretty Pattern Backpack + Lunchbox Combo',33.96,'ONLINE','Personal Creations'),
	(941,586,'Efavormart Pack of 5 Premium 17\" x 17\" Washable Polyester Napkins Great for Wedding Party Restaurant Dinner Parties',2.99,'eFavormart','eFavormart'),
	(942,587,'Mainstays Black Cage Metal Base Table Lamp with Shade, 16\" H',24.84,'Mainstays','Mainstays'),
	(943,588,'Anchor Hocking Glass Sugar Pourer Dispenser',10.41,'Anchor Hocking','Anchor Hocking'),
	(944,479,'5 Quart Tilt-Head Glass Bowl with Measurement Markings & Lid - KSM5GB',69.99,'KitchenAid','Whirlpool'),
	(945,444,'Danby 9.2 Cu Ft Bottom Mount Refrigerator, Black/Spotless Steel',835.00,'Danby','Danby'),
	(946,589,'DAX Rosewood Document Frame, Wall-Mount, Plastic, 8 1/2 x 11',16.82,'DAX','Burnes Home Accents'),
	(947,493,'EMSCO Guardian Lion Statue – Natural Bronze Appearance – Made of Plastic Resin – Lightweight – 28” Height',65.00,'Emsco Group','Emsco Group'),
	(948,19,'Oneida® Soft Touch Can Opener',5.97,'Oneida','Robinson Home Products'),
	(949,590,'Airbake Large Natural Cookie Sheet',9.97,'T-fal','Bradshaw International'),
	(950,591,'Glad Press\'n Seal Plastic Food Wrap, 140 Square Feet',4.78,'Glad','The Clorox Company'),
	(951,592,'Winco 18/0 Stainless Steel Dinner Spoons, Set of 12, Windsor pattern',6.66,'Winco','Winco USA'),
	(952,593,'Vinyl Works Of Canada Resin Economy 24in Resin Above Ground Pool Fence Kits',109.96,'Vinyl Works','Vinyl Works Of Canada'),
	(953,594,'Western Premium BBQ Products Mesquite BBQ Smoking Chips, 180 Cu in',1.97,'Western','Western Premium BBQ Products'),
	(954,566,'Clip\'n Magnetic Bag Clips 6-Pack, Multicolor',3.86,'Clip\'n','Clip\'n'),
	(955,516,'Pennington Kentucky 31 Tall Fescue, KY-31 Grass Seed; 40 Pound Bag',47.48,'Pennington','Central Garden and Pet'),
	(956,19,'The Pioneer Woman 4-Piece Silicone Spatula Set',9.97,'The Pioneer Woman','The Pioneer Woman'),
	(957,400,'Ozark Trail Heavy Duty Steel Folding Shovel, Black, Model 4803',10.44,'Ozark Trail','Zhejiang Great Star Industrail CO. LTD.'),
	(958,493,'Northlight 6.5\" Heavenly Gardens Distressed Gray Cherub Angel Girl with Flower Outdoor Patio Garden Statue',9.90,'Northlight','Northlight'),
	(959,595,'Peroptimist Outdoor Solar Bird Bath Water Fountain Pump, Free Standing 1.4W Floating Bird Bath Outdoor Fountain Pump for Garden and Patio, Solar Panel Kit Water Pump',22.99,'Peroptimist','Peroptimist'),
	(960,352,'Hamilton Beach Single Serve Personal Smoothie Blender with 14 oz. Travel Cup and Lid, Grey, Model 51128',14.96,'Hamilton Beach','Hamilton Beach'),
	(961,422,'Palram Greenhouse Anchor Kit',64.94,'Palram','Palram'),
	(962,596,'Lemon Grass Seeds - 250 g Packet - Non-GMO, Heirloom Culinary Herb Garden Seeds - Cymbopogon flexuosus',6.64,'Mountain Valley Seed Company','Mountain Valley Seed Company'),
	(963,597,'Ninja® Foodi® 10-in-1 8-quart XL Pressure Cooker Air Fryer Multicooker, Stainless, OS400',199.00,'Ninja','Ninja'),
	(964,566,'Kamenstein 16-Jar Revolving Chrome Wire Spice Rack, Spices and Jars Included',19.97,'Kamenstein','Lifetime Brands Inc'),
	(965,598,'Drafting Chair Tall Office Chair Adjustable Height with Lumbar Support Arms Footrest Mid Back Desk Chair Swivel Rolling Mesh Computer Chair for Adults Standing Desk Drafting Stool(Black)',94.99,'BestOffice','BestOffice'),
	(966,424,'Willstar Soil Moisture Tester Garden Plant Flower Testing Tool Hygrometer Meter Detector',7.99,'Willstar','Willstar'),
	(967,599,'Black Free Standing Floor Mirror with Adjustable Easel 17\"x59\" by Patton Wall Decor',117.41,'Patton Wall Decor','Patton Wall Decor'),
	(968,600,'Tadpoles Girls Mermaid Pattern Quilt Set, Iridescent Metallic',44.99,'Tadpoles','Sleeping Partners'),
	(969,491,'Best Choice Products Outdoor Patio Wicker Bar Counter Table w/ 2 Steel Shelves, 2 Sets of Rails - Brown',189.99,'Best Choice Products','Best Choice Products'),
	(970,601,'HART 20-Volt 16-Inch Push Lawn Mower Kit, (2) 20-Volt 4.0Ah Lithium-Ion Batteries, (1) Battery Charger',238.00,'HART','Hart Consumer Products, Inc.'),
	(971,602,'Roblox $10 Digital Gift Card [Includes Exclusive Virtual Item] [Digital Download]',10.00,'Roblox','INTERACTIVE COMMUNICATIONS'),
	(972,422,'Mythos 6\' x 4\' Polycarbonate Greenhouse, Silver',516.99,'Palram','Palram'),
	(973,603,'USA, Colorado, Rocky Mountain National Park. Sprague Lake at Sunset Mountain Photography Landscape Print Wall Art By Cathy & Gordon Illg',9.99,'Art.com','Art.com'),
	(974,19,'6 Piece Bamboo Kitchen Tool Set',11.61,'ONLINE','HDS Trading Corp.'),
	(975,493,'Alpine Corporation Garden Gnome Holding Bird Statue for Patio and Garden',16.83,'Alpine','Alpine Corporation'),
	(976,604,'100 Pcs Summer Tropical Tulip Cupcake Liners Wrappers, Muffin Baking Cups for Hawaiian Luau Birthday Party',10.99,'Juvale','Juvale'),
	(977,422,'Jiffy Professional Seed Starting Greenhouse with 72 Biodegradable 36mm Peat Pellets',16.75,'Jiffy','Jiffy'),
	(978,600,'Mainstays Fleece Plush Throw Blanket, 50\" x 60\", Dogs, 2-Pack',12.87,'Mainstays','Idea Nuova'),
	(979,605,'Mainstays 15\" Brown Rustic Finish Floating Picture Wall Ledge Set of 2',14.34,'Mainstays','Mainstays'),
	(980,535,'Expert Gardener Heavy Duty Forged Pruner - 3/4\" Cutting Capacity',8.77,'Expert Gardener','Expert Gardener'),
	(981,606,'Better Homes & Gardens Cane Bay Gray Outdoor Potting Bench',156.86,'Better Homes & Gardens','Better Homes & Gardens'),
	(982,607,'Pacific Giftware Solar Lighted Brick Look Garden Plastic Border Landscape Edging Flowerbed Set of 4 Panel',30.99,'Pacific Giftware','Pacific Giftware'),
	(983,488,'UL Listed 3-Light Crystal Chandelier Ceiling Fixture Pendant for Study Room, Dining Room, Bedroom, Living Room',35.99,'Preenex','Preenex'),
	(984,608,'Home Essence Mitchell Reversible Coverlet Set, Blue, Twin/Twin XL',59.49,'Home Essence','E&E Co., Ltd.'),
	(985,516,'Scotts PatchMaster Lawn Repair Mix Sun + Shade Mix, 4.75 lbs.',12.20,'Scotts','The Scotts Company North America'),
	(986,609,'Mainstays LED Gooseneck Desk Lamp with Catch-All Base & AC Outlet',6.88,'Mainstays','Mainstays'),
	(987,610,'Better Homes & Gardens Chambray Quilt Full/Queen',49.97,'Better Homes & Gardens','Better Homes & Gardens'),
	(988,359,'BLACK+DECKER ST4500 3.5 Amp 12\" Electric String Trimmer / Edger',35.99,'BLACK+DECKER','Stanley Black & Decker'),
	(989,342,'Modern Leisure Basics Outdoor Patio Chaise Lounge Cover, 76\"L x 27\"W x 30\"H, Khaki',15.42,'Modern Leisure','Allen Company'),
	(990,611,'Double Cotton Hammock with Solid Pine Arc Stand - Oasis (8ft) (FSC Certified)',284.97,'Vivere','Vivere LTD'),
	(991,415,'Mainstays Fireplace TV Stand for TVs up to 65\", Black Oak',199.99,'Mainstays','Ameriwood Industries'),
	(992,477,'Presto 6qt Kitchen Kettle Multi-Cooker & Steamer 06006',34.80,'Presto','Presto'),
	(993,574,'Blackstone 4-Burner 36\" Griddle Cooking Station with Hard Cover',370.00,'Blackstone','North Atlantic Imports LLC'),
	(994,612,'Beautyrest Heated Ogee Oversized Electric Throw Blanket, Indigo',66.70,'Beautyrest','E&E Co. Ltd'),
	(995,478,'Orange Buttercream Cupcake Scented Wax Melts, Better Homes & Gardens, 2.5 oz (5-Pack)',10.00,'Better Homes & Gardens','Better Homes & Gardens'),
	(996,432,'Honey Can Do Wardrobe Storage Closet, Khaki',27.92,'Honey-Can-Do','Honey Can Do International LLC'),
	(997,401,'Greenco 2 Tier Rustic Wall Mounted Floating Shelf With Metal Brackets For Living Room, Dining Room, Office, Bedrooms.',25.72,'GreenCo','Greenco'),
	(998,613,'Arctic Sleep by Pure Rest 5 Zone Marbleized Gel Memory Foam Topper',47.44,'Arctic Sleep','Rio Home Fashions'),
	(999,47,'Mainstays Paper Rope Baskets, Set of 2, 11.75\" and 10.5\", Storage',17.24,'Mainstays','Mainstays'),
	(1000,614,'Wilton Fondant Ribbon Cutter',5.97,'Wilton','Wilton'),
	(1001,425,'LuxuryGoods Modern Faux Leather Reclining Futon with Cupholders and Pillows, Black',169.00,'Easyfashion','Easyfashion'),
	(1002,615,'Ferry-Morse Squash Fordhook Zucchini Seeds - Since 1856, Non-GMO, Guaranteed Fresh, Vegetable Gardening Seeds',1.96,'Ferry-Morse','Ferry-Morse'),
	(1003,347,'Cuisinart 12 Cup Black Stainless Coffeemaker',59.00,'Cuisinart','Conair Corporation'),
	(1004,443,'3 Tier Wooden Elevated Raised Garden Bed Planter Box Kit Natural Cedar Wood',85.99,'Easyfashion','Easyfashion'),
	(1005,555,'Mainstays Basic Indoor 8.78\" Black Analog Round Modern Wall Clock',3.88,'Mainstays','Mainstays'),
	(1006,459,'Caravan Canopy Sports 10\'x20\' Domain Carport Garage Sidewall/Enclosure Kit (Frame and Top Not Included)',98.44,'Caravan Global','CARAVAN CANOPY INT\'L INC.'),
	(1007,443,'Algreen Wicker 10\" Hanging Basket Planter, Self-Watering, Rattan White, 2 PACK',37.08,'Algreen Products','Algreen'),
	(1008,616,'Lifestyle Solutions Taryn Curved Arm Fabric Sofa, Black',270.00,'Lifestyle Solutions','LifeStyle Solutions'),
	(1009,617,'Globe Electric LeClair 1-Light Dark Bronze Plug-In or Hardwire Industrial Wall Sconce, 65311',28.23,'Globe Electric','Globe Electric'),
	(1010,618,'Mainstays 10\' x 10\' Grey Easy Assembly Steel Garden Gazebo',247.00,'Mainstays','Mainstays'),
	(1011,469,'Cuisinart Power Advantage PLUS 5-Speed 220-Watt Hand Mixer, White',42.94,'Cuisinart','Conair'),
	(1012,398,'Cuisinart Twin Oaks Dual Function Pellet and Propane Gas Grill',597.00,'Cuisinart','The Boltz Group'),
	(1013,396,'The Kingston, Endless Summer LP Gas Outdoor Fire Pit',199.85,'Endless Summer','Mr. Bar-B-Q Products LLC'),
	(1014,347,'SOWTECH Espresso Machine 3.5 Bar 4 Cup Espresso Maker Cappuccino Machine',54.98,'Sowtech','SOWTECH'),
	(1015,619,'Perky Pet 12\" Metal Bird Feeder Hook',4.79,'Perky-Pet','Perky-Pet'),
	(1016,555,'Mainstays Indoor 15\" Gray and White Arabic Farmhouse Wall Clock',14.94,'Mainstays','Mainstays'),
	(1017,620,'Bed Skirt Double Brushed Premium Microfiber, 15-Inch Tailored Drop Pleated Dust Ruffle, 1800 Ultra-Soft, Shrink and Fade Resistant (Queen, Gray)',15.99,'Bare Home','Bare Home'),
	(1018,345,'Outsunny Sun Sail Shade Canopy Adjustable Installation Pole/Pipe Kit',40.35,'Outsunny','Outsunny'),
	(1019,476,'Glade Tropical Jar Candles Scented, 2 -Pieces, Red',4.98,'Glade','SC Johnson'),
	(1020,621,'Rubbermaid FastTrack 4\' to 8\' Wide Wire Storage Kit, White',219.99,'Rubbermaid','Rubbermaid'),
	(1022,615,'Expert Gardener Sun & Shade Grass Seed Northern Mix; 3 lb.',7.97,'Expert Gardener','Expert Gardener'),
	(1023,344,'UBesGoo Backyard 5\' Wooden Bridge Carbonized Color Anticorrosive Decorative Arch Walkway',119.97,'Ubesgoo','Do not apply'),
	(1024,622,'Flash Furniture 2.63-Foot Round Granite White Plastic Bar Height Folding Table',54.88,'Flash Furniture','Flash Furniture'),
	(1025,392,'Cuisinart Bristol Bluetooth Connectivity Smoker and Pellet Grill',357.00,'Cuisinart','The Boltz Group, LLC'),
	(1026,513,'Mainstays Microfiber Tub Accent Chair, Dove Gray',109.00,'Mainstays','Overman'),
	(1027,573,'Glencairn Crystal Whiskey Glass, Set of 6',29.97,'Glencairn','Glencairn'),
	(1028,444,'Danby 2.6 Cu. Ft. Free-Standing Beverage Center',269.99,'Danby','Danby'),
	(1029,623,'Cuisinart Dual Grip Barbecue Grill Brush and Scraper',14.97,'Cuisinart','Cuisinart'),
	(1030,363,'BLACK+DECKER 9-Inch Electric Carving Knife, White, EK500W',14.97,'BLACK+DECKER','BLACK+DECKER'),
	(1031,589,'Mainstays 5\" x 7\" Tabletop Picture Frame, Rustic Gray',4.00,'Mainstays','MCS Industries, Inc.'),
	(1032,624,'Classic Accessories Veranda Water-Resistant 84 Inch Rectangular/Oval Patio Table Cover',49.28,'Classic Accessories','Classic Accessories'),
	(1033,535,'Fiskars 5 Inch Shear Ease Grass Shears',17.56,'Fiskars','Fiskars Brands, Inc.'),
	(1034,625,'Mainstays Steel Stacking Chair (1 Pack), Grey',19.97,'Mainstays','Mainstays'),
	(1035,626,'12-Pack Round Cake Boards, Bulk Value Pack Thick Paper Cardboards Scalloped Circle Base, 10 inch Diameter, Silver',12.99,'Juvale','Juvale'),
	(1036,447,'Lodge Enameled Cast Iron 5.5 Quart Dutch Oven, in Red',39.94,'Lodge','Lodge'),
	(1037,627,'Brielle Home Printed Elastic Fitted Table Cover',14.39,'Brielle','Zorlu USA, Inc.'),
	(1039,628,'2 Pack Plixio Shredded Memory Foam Pillow with Cooling Hypoallergenic Cover- Queen Size Bed Pillows for Sleeping',39.99,'Plixio','Plixio'),
	(1040,415,'Mainstays No-Tools Assembly Entertainment Center, Multiple Sizes and Colors',32.00,'Mainstays','HUISEN FURNITURE (LONGNAN) CO., LTD.'),
	(1041,629,'American Baby Co. Cotton Jersey Knit Fitted Playard Sheet, Blue',8.66,'American Baby Company','American Baby Company'),
	(1042,580,'MY CANOPY',28.64,'Rio Brands','Rio Brands'),
	(1043,394,'Mainstays Striped Hammock with Metal Stand & Portable Carrying Case',69.99,'Mainstays','Mainstays'),
	(1044,391,'Sun Joe SWJ599E Tree Limb Master Electric Handheld Chainsaw , 14-Inch - 9-Amp , Low-Kickback',44.19,'Sun Joe','Sun Joe'),
	(1045,385,'Better Homes and Gardens Luxury Microfiber Embroidered Sheet Set, Twin',16.84,'Better Homes & Gardens','Better Homes & Gardens'),
	(1046,630,'Hamilton Beach 3 Cup FreshChop Mini Food Chopper 72603',19.96,'Hamilton Beach','Hamilton Beach Brands Inc.'),
	(1047,631,'Queer Eye Farnsworth 5 Drawer Mid-Century Modern Dresser, Walnut',205.00,'Queer Eye','Queer Eye'),
	(1048,19,'Cuisinart Curve Handle Collections Nylon Pasta Server',5.99,'Cuisinart','Cuisinart'),
	(1050,632,'Westinghouse iGen160s Portable Power Station and Outdoor Solar Generator, 150 Peak Watts & 100 Rated Watts, 155Wh Lithium-ion Battery (Solar Panel Not Included)',123.05,'Westinghouse','Westinghouse'),
	(1051,601,'Remington RM3000 16\" Reel Push Mower',109.00,'Remington','MTD Products'),
	(1052,544,'RevoAce 2-Burner Space Saver Gas Grill, Stainless and Black, GBC1705WV',134.00,'Revoace','RevoAce Inc. Limited'),
	(1053,535,'Expert Gardener 24 inch Steel Bypass Lopper - 1\" Cutting Capacity in Black and Yellow',7.88,'V.I.P.','V.I.P.'),
	(1054,589,'Craig Frames Contemporary Gallery Black Picture Frame, Set of 4',29.98,'Craig Frames','Craig Frames Inc.'),
	(1055,633,'Best Choice Products Folding Zero Gravity Recliner Patio Lounge Chair w/ Canopy Shade, Headrest, Side Tray - Beige',79.99,'Best Choice Products','Best Choice Products'),
	(1057,634,'Wild Harvest Daily Blend Nutrition Diet 2 Pounds, For Cockatiels, Lovebirds And Small Hookbills',1.96,'Wild Harvest','Spectrum Brands'),
	(1058,535,'ZENSTYLE Folding Garden Kneeler Bench Kneeling Soft Eva Pad Seat With Stool Pouch',39.99,'ZenStyle','ZenStyle'),
	(1059,522,'Anchor Hocking Oven Basics Glass 2 Quart Clear Casserole Bowl',22.64,'Anchor Hocking','Oneida Ltd'),
	(1060,635,'Newport Permanent Picket Fence with Post and No-Dig Steel Pipe Anchor (3ft x 6ft)',113.00,'Zippity Outdoor Products','WamBam Fence Inc'),
	(1061,438,'Mainstays 31\" 3 Shelf Bookcase, White',22.88,'Mainstays','Mainstays'),
	(1062,636,'Vintage Wall Sconce Light, Industrial Barn Light Gooseneck Wall Light Fixture, Bathroom Vanity Lamp Metal Lampshade, for Outdoor Indoor Farmhouse Garden Bedroom Kitchen, White/Black/Bronze',19.99,'Novashion','S-morebuy'),
	(1063,352,'Oster Classic Series 5-speed Blender, Black',24.94,'Oster','Sunbeam Products Inc'),
	(1064,637,'Mainstays Classic 5 Drawer Dresser, Rustic Oak Finish',125.00,'Mainstays','Mainstays'),
	(1065,466,'Sauder Select Storage Cabinet, White Finish',170.00,'Sauder','Sauder'),
	(1066,638,'Camp Chef Deluxe Stainless Steel Barbecue Box, Grill Box Accessory fits 16\" Propane Stoves, BB90LS',177.78,'Camp Chef','Camp Chef'),
	(1067,342,'Classic Accessories Veranda Water-Resistant 31.5 Inch Adirondack Chair Cover',21.11,'Classic Accessories','Classic Accessories'),
	(1068,639,'Hamilton Beach 7 Speed Silver Stand Mixer',99.99,'Hamilton Beach','Hamilton Beach'),
	(1069,640,'Monster Tomato Plant 2.5\" Pot - The Whopper! - Huge Fruit',2.99,'Hirt\'s Gardens','Hirt\'s Gardens'),
	(1070,641,'Hinged Screen Door Grille, 34-1/2 in., Molded Plastic, White',25.20,'Make-2-Fit','Make-2-Fit'),
	(1071,521,'2 Epiphyllum Orchid Cactus Night Blooming Cereus Cutting',4.99,'mothernaturesgardenstore.com','mothernaturesgardenstore.com'),
	(1072,642,'Mainstays Home Decor Style Small Black Iron Pillar Candle Holder',3.94,'Mainstays','Mainstays'),
	(1073,643,'Miracle-Gro Potting Mix 1 cu. ft., For Use With Container Plants',5.97,'Miracle-Gro','Miracle-Gro'),
	(1074,600,'Your Zone Rainbow Unicorn Bed-in-a-Bag Coordinated Bedding Set, Pink, Twin Size',36.98,'Your Zone','Your Zone'),
	(1075,644,'LED Tea Lights Flameless Candles Electric Tealights with Remote and Timer Unscented Outdoor Flickering Votive Lights 6/9/12 Pack 1.8 Inch',13.86,'TQS','TQS'),
	(1076,378,'Hamilton Beach Easy Clean Juice Extractor, 800 Watts, Model 67735',59.88,'Hamilton Beach','Hamilton Beach'),
	(1077,615,'Ferry-Morse Solar Power Sunflower Seeds - Since 1856, Non-GMO, Guaranteed Fresh, Annual Flower Gardening Seeds',1.96,'Ferry-Morse','Ferry-Morse'),
	(1078,601,'HART 40-Volt Cordless Brushless 20-inch Push Mower Kit, (1) 5.0Ah Lithium-Ion Battery, (1) Battery Charger',248.00,'HART','HART'),
	(1079,450,'10ft Shower Head Hose Handheld Extra Long Stainless Steel Bathroom Flexible',9.99,'Areyourshop','Areyourshop'),
	(1080,438,'Smilemart Adjustable Mid Back Mesh Swivel Office Chair with Armrests, Black',52.00,'SmileMart','SmileMart'),
	(1081,12,'10 Tiers Shoe Rack 50 Pair Stackable Shoe Rack Storage Shelves',27.73,'Elenxs','Elenxs'),
	(1082,645,'RCA 7.5 Cu. Ft. Top Freezer Refrigerator in Red - RETRO, RFR786',340.74,'RCA','CURTIS INTERNATIONAL LTD'),
	(1083,444,'Frigidaire Portable Retro 12-Can Mini  Refrigerator, EFMIS462, Black',45.22,'Frigidaire','CURTIS INTERNATIONAL LTD'),
	(1084,646,'Solar Powered Fountain Pump Upgrade 1.4W Solar Fountain with 5 Nozzle Free Standing Floating Solar Powered Water Fountain Pump for Bird Bath Garden Pond Pool Outdoor',13.91,'iKayaa','iKayaa'),
	(1085,416,'Greenmade InstaCrate, Yellow/Black',14.22,'Greenmade','Greenmade'),
	(1086,347,'Ninja 12 Cup Programmable Coffee Brewer',69.00,'Ninja','SharkNinja'),
	(1087,647,'Mainstays Value 10-Piece Cotton Towel Set with Upgraded Softness & Durability, Grey',11.34,'Mainstays','Mainstays'),
	(1088,535,'G & F Products JustForKids Kids Garden Tool Set Toy, Rake, Spade, Hoe and Leaf Rake, reduced size, 4-Piece',22.94,'G & F','G & F'),
	(1089,648,'Blackstone Rear Grease Cup Liner for Rear Grease Blackstone Griddles',3.96,'Blackstone','North Atlantic Imports LLC'),
	(1090,649,'Crown Mark Florence Gray Panel Bed, Multiple Sizes',125.00,'Crown Mark','Crown Mark'),
	(1091,650,'Mainstays Performance Bath Rug, 19.5x34 Acorn',9.98,'Mainstays','Mainstays'),
	(1092,651,'Hyper Tough 32 Gallon Injection Molded Trash Can - Black - TI0044',9.96,'Hyper Tough','United Solutions'),
	(1093,652,'Tuscom Women Short Sleeve Polka Dot Striped Summer Midi Dress Plus Size Casual Sundress',12.88,'Wodstyle','Wodstyle'),
	(1094,599,'Mainstays Full Length Beveled-Edge Mirror 48\" x 12\"',17.44,'Mainstays','Generic'),
	(1095,465,'Mainstays Outdoor 2-Person Double Rocking Chair',155.00,'Mainstays','Mainstays'),
	(1096,502,'Hamilton Beach 2 Slice Toater, Stainless Steel, Extra Wide Slots, 22680 in Black',14.96,'Hamilton Beach','Hamilton Beach'),
	(1097,342,'Modern Leisure Basics Outdoor Patio Swing Cover, 87\"L x 64\"W x 66\"H, Khaki',16.70,'Modern Leisure','Allen Company'),
	(1098,653,'Wilton Baking Cups, 50 count',1.48,'Wilton','Wilton'),
	(1099,654,'Vita 49\" x 24\" x 89.6\" Florence Vinyl Arbor, White, VA68133',221.99,'Vita','Vita'),
	(1100,347,'GROSCHE Milano Stovetop Espresso Maker Moka pot 3 espresso Cup - 5 oz, White - Cuban Coffee Maker Stove top coffee maker Moka Italian espresso greca coffee maker brewer percolator',24.99,'Grosche','Grosche'),
	(1101,655,'NewAir 18-Bottle & 60-Can Dual Zone Built-in Compressor Wine and Beverage Refrigerator',709.99,'NewAir','NewAir'),
	(1102,532,'Mainstays Down Alternative Comforter, 1 Each, Twin/Twin XL',17.99,'Mainstays','Mainstays'),
	(1103,541,'Audubon Park 12228 5 lb Premium No Waste Wild Bird Food',14.15,'Audubon Park','Audubon Park'),
	(1104,656,'Better Homes and Gardens Cube Storage Shelf, H, Multiple Colors',14.00,'Better Homes & Gardens','Generic'),
	(1105,493,'VP Home Zen Buddha Solar Powered Flickering LED Outdoor Decor Garden Light',32.99,'VP Home','Uncle Jerry\'s T\'s of NJ Inc'),
	(1106,438,'Mainstays Sumpter Park Student Office Desk with 2 Drawers, Multiple Colors',59.00,'Mainstays','HUISEN FURNITURE LONGNAN CO LTD'),
	(1107,657,'Spring Valley Omega-3 Fish Oil Soft Gels, 1000 mg, 300 Count',13.88,'Spring Valley','Spring Valley'),
	(1108,477,'Instant Pot DUO80 8 Qt 7-in-1 Multi- Use Programmable Pressure Cooker',99.00,'Instant Pot','Instant Pot'),
	(1109,658,'Great Value LED Light Bulb, 9 Watts (60W Equivalent) A19 General Purpose Lamp E26 Medium Base, Non-dimmable, Soft White, 4-Pack',4.97,'Great Value','Great Value'),
	(1111,659,'Ayesha 4-Piece Bakeware Toaster Oven Baking Set, Copper',22.04,'Ayesha Curry','Meyer Corporation US'),
	(1112,519,'ZENSTYLE Durable Composting Tumbler Dual Rotating Outdoor Garden Yard Compost Bin High Quality 43 Gallon - Black',68.99,'ZenStyle','ZenStyle'),
	(1113,660,'Hodedah 3 Door Bedroom Armoire with Drawers, Black Finish',249.00,'Hodedah','Hodedah'),
	(1114,493,'GlitZGlam Emma the Sitting Garden Fairy – a Miniature Fairy Statue for Your Fairy Garden',9.95,'GlitZGlam','GlitZGlam'),
	(1116,599,'Mainstays White-Washed Beveled Wall Mirror, 27\" x 33\"',48.00,'Mainstays','Mainstays'),
	(1117,19,'Expert Grill 12\" Natural Bamboo Skewers for Grilling, 100 Count',0.97,'Expert Grill','YANGJIANG HONGXUAN INDUSTRIAL MANUFACTURING CO., LTD'),
	(1119,661,'Better Homes & Gardens Iron Fleur Indoor Area Rug, Beige, 60\" x 90\"',127.40,'Better Homes & Gardens','Better Homes & Gardens'),
	(1120,662,'Allswell 3\" Memory Foam Mattress Topper Infused With Graphite, Queen',109.00,'Allswell','Elite Comfort Solutions'),
	(1121,663,'59x79 inch Psychedelic Wall Art Tapestry Sun and Moon Tapestry Tapestry Chakra Yoga Wall Hanging Tapestry Home Decor',11.84,'Kadell','Kadell'),
	(1123,664,'Coolmade Artificial Ivy Privacy Fence Screen, 98.4x59in Artificial Hedges Fence and Faux Ivy Vine Leaf Decoration for Outdoor Decor, Garden',58.99,'Coolmade','YINGQING TRADE LIMITED'),
	(1124,577,'SodaStream 1 Liter Slim Carbonating Bottles, Twin Pack, White',29.90,'SodaStream','SodaStream'),
	(1125,417,'Danby 18\" Built-In Dishwasher in Stainless Steel',419.00,'Danby','Danby'),
	(1126,352,'BLACK+DECKER Quiet Blender with Cyclone® Glass Jar, BL1400DG-P',49.94,'BLACK+DECKER','BLACK+DECKER'),
	(1127,665,'Easyfashion Modern Tufted Adjustable Back Sofa Bed, Khaki',194.99,'Easyfashion','Easyfashion'),
	(1128,666,'Mainstays, 4 Pack, Kitchen Dish Cloth Set, Multi-color Stripe',2.92,'Mainstays','Mainstays'),
	(1129,667,'Purina Kitten Chow Natural, High Protein Dry Kitten Food, Naturals Chicken, 13 lb. Bag',13.98,'Kitten Chow','Nestlé Purina PetCare Company'),
	(1130,575,'Mainstays Emma Solid Basketweave Textured Microfiber Quilt Coverlet, King, Grey',24.97,'Mainstays','Mainstays'),
	(1131,404,'Flash Furniture Rattan Indoor-Outdoor Restaurant Stack Chair, Black',208.95,'Flash Furniture','Flash Furniture'),
	(1132,668,'Subzero 50\" Maxx Force Snowbroom Metal Extentable Pole with Heavy Duty Plastic Scraper',13.88,'SubZero','SubZero'),
	(1133,669,'crock-pot slow cooker liners ~ 6 liners',3.28,'Crock-Pot','Crock Pot'),
	(1134,670,'Unique Loom Trellis Outdoor Modern Geometric Area Rug or Runner',68.60,'Unique Loom','Unique Loom'),
	(1135,671,'Convert-A-Bench Folding Picnic Table Bench, White',187.99,'V.I.P.','Premiere'),
	(1136,672,'3-Piece Printed Duvet Cover Set ,Duvet Cover And Two Pillow Shams Queen Size - Green',19.99,'JML Bedding','JML'),
	(1138,347,'KRUPS Fast Touch Electric Coffee and Spice Grinder With Stainless Steel Blades F2034251',15.44,'KRUPS','Groupe SEB'),
	(1139,502,'Cuisinart 2-sl Stainless Toaster',29.92,'Cuisinart','Conair Corporation'),
	(1140,654,'Northbeam Venice 79.5\" Wood Arbor - Brown',172.12,'Contemporary Home Living','Contemporary Home Living'),
	(1141,583,'Masterbuilt Gravity Series 800 Digital Charcoal Griddle + Grill + Smoker Cover in Black',59.00,'Masterbuilt','Masterbuilt Manufacturing, LLC.'),
	(1142,347,'Bodum Kenya French Press Coffee Maker, 34 Ounce, Chrome',19.84,'BODUM','Bodum'),
	(1144,501,'V-LIGHT Traditional Style CFL Banker\'s Desk Lamp with Amber Glass Shade, Bronze Finish',40.28,'Victory Light USA','VICTORY LIGHT LLC'),
	(1145,592,'Mainstays Stainless Steel Serving Spoon 1-Piece, Silver Tableware',1.50,'Mainstays','Mainstays'),
	(1147,673,'Better Homes & Gardens Rustproof Double Easy Glide Shower Hooks, Set of 12, Brushed Nickel',7.96,'Better Homes & Gardens','Better Homes & Gardens'),
	(1148,674,'Better Homes & Gardens Modern Farmhouse 6-Drawer Dresser, Rustic Gray Finish',329.00,'Better Homes & Gardens','Better Homes & Gardens'),
	(1149,386,'Magic Chef 1.6 Cu. Ft. 1100W Countertop Microwave Oven with Stylish Door Handle',138.81,'Magic Chef','Magic Chef'),
	(1150,675,'Eureka PowerSpeed Turbo Multi-Surface Lightweight Upright Vacuum Cleaner with Spotlight, NEU188',94.95,'Eureka','Midea'),
	(1151,394,'Large Hammock Chair Swing, Relax Hanging Rope Swing Chair with Two Seat Cushions, Hanging Hardware Kit & Carry Bag, Cotton Hammock Chair Swing Seat for Yard Bedroom Patio Porch Indoor Outdoor, B006',31.99,'Segmart','Segmart'),
	(1152,631,'Hodedah 7 Drawer Dresser with Two Locks, Cherry',144.00,'Hodedah','Hodedah'),
	(1153,386,'Frigidaire 1.1 cu. ft. Countertop Microwave Oven Stainless Steel',127.44,'Frigidaire','Electrolux Major Appliances'),
	(1154,676,'Men Wrist Watch Fashion Stainless Steel Luxury Sport Analog Quartz Clock',8.99,'ONLINE','ONLINE'),
	(1155,423,'Lifetime Horizontal Storage Shed (75 cubic feet), 60170',579.00,'Lifetime','Lifetime Products'),
	(1156,677,'Air Conditioner Installation Service (In-Window) by Handy',79.00,'Handy','Handy'),
	(1157,678,'Rustic Mason Jar Wall Sconce Set with Hanging Rope, Set of 2',14.99,'Stonebriar Collection','CKK HOME DECOR'),
	(1158,383,'Mainstays Giant Lasagna Pans with Lids, 2pk',3.29,'Mainstays','Mainstays'),
	(1159,19,'As Seen On TV Veggetti Spiral Vegetable Cutter',9.97,'Veggetti','Ontel Products Corporation'),
	(1160,548,'Smokehouse Products Little Chief Front Load Smoker',99.96,'Smokehouse','SMOKEHOUSE PRODUCTS LLC'),
	(1161,679,'Honey-Can-Do 6-Tier Bathroom Storage Shelving Unit, Chrome',22.47,'Honey-Can-Do','Honey Can Do'),
	(1162,443,'Mainstays 12 inch Black Metal Plant Hanger Extender Hook',3.78,'Mainstays','Mainstays'),
	(1163,680,'Flash Furniture Kids Resin Chiavari Chair',59.16,'DreamBone','Flash Furniture'),
	(1164,238,'Corelle Livingware 28 Ounce Country Cottage Bowl',4.97,'CorningWare','Corelle'),
	(1166,547,'Sterilite 12736 Tall Wicker Weave Plastic Laundry Storage Basket, Brown (6 Pack)',47.99,'Sterilite','sterilite'),
	(1167,681,'NewAir Premium Stainless Steel 126 Can Beverage Refrigerator and Cooler with SplitShelf Design, AB-1200X',329.00,'NewAir','NewAir'),
	(1168,682,'Lifetime Kid\'s Picnic Table, Almond',135.00,'Lifetime','Lifetime Products'),
	(1170,532,'Chezmoi Collection Royale 7-Piece Jacquard Floral Comforter Set',89.99,'Chezmoi Collection','Chezmoi Collection'),
	(1171,529,'WEN 6-Amp 8-Inch Electric Pole Saw with 8.75-Foot Reach',50.59,'WEN Products','WEN'),
	(1172,352,'Ninja Professional 1000-Watt Blender, BL710WM',79.00,'Ninja','Sharkninja'),
	(1173,547,'Mainstays Cylinder Symmetrical Pattern Metal Hamper with Wheels, Gold and Natural',21.97,'Mainstays','Mainstays'),
	(1175,683,'Ozark Trail Steel Folding Hammock Chair with Padded Seat, Adult',34.88,'Ozark Trail','Westfield Outdoors Inc'),
	(1178,684,'Garden Bench – Natural Granite Appearance – Made of Resin – Lightweight – 12” Height',108.79,'Emsco Group','Emsco Group'),
	(1179,396,'Mainstays 28\" Fire Pit with PVC Cover and Spark Guard',35.01,'Mainstays','Mainstays'),
	(1180,385,'Auraa Comfort 500 TC Reversible 100% Cotton 4PC Cal King Sheet Set',35.99,'AURAA','GHCL Limited'),
	(1181,532,'Bare Home Ultra-Soft Goose Down Alternative Comforter Set (Twin/Twin XL - Dark Blue)',34.99,'Bare Home','Bare Home'),
	(1182,630,'Hamilton Beach Smooth Touch Can Opener, Model# 76606Z',29.85,'Hamilton Beach','Hamilton Beach'),
	(1183,566,'Sterilite 8 Qt. Dishpan White',1.32,'Sterilite','Sterilite Corporation'),
	(1184,685,'SmartyKat Silvervine & Catnip 0.75oz',2.49,'SmartyKat','Worldwise, Inc.'),
	(1185,686,'KitchenAid 5-Speed Blender RRKSB1570QG, 56-Ounce, Liquid Graphite (Certified Refurbished)',79.99,'KitchenAid','KitchenAid'),
	(1186,354,'GPX C224B Dual Alarm Clock Radio, Black',8.17,'GPX','DPI, Inc.'),
	(1187,574,'Royal Gourmet CD1824E, 24-inch Charcoal BBQ Grill',108.00,'Royal Gourmet','Royal Gourmet Corp.'),
	(1188,687,'Bonica® Shrub Rose Bush - 4\" Pot - World\'s Favorite Rose',9.99,'Hirt\'s Gardens','Hirt\'s Gardens'),
	(1189,516,'Scotts Turf Builder Grass Seed Sun & Shade Mix, 3 lb., Seeds up to 1,200 sq. ft.',12.99,'Scotts','The Scotts Company North America'),
	(1190,688,'Ziploc Brand Deep Rectangle Containers, Smart Snap Technology, 2 ct',1.98,'Ziploc','Ziploc'),
	(1191,589,'Snap 12x18 Black Photo Frame',11.99,'Snap','Pinnacle Frames and Accents'),
	(1192,635,'Gardman R669 13\' X 6\'-6\" Split Bamboo Fencing',45.34,'Gardman','World Source Partners'),
	(1193,666,'Somerset Home, 4 Pack, Silicone Pot Holder, Trivet Mat, Jar Opener, Spoon Rest, and Garlic Peeler',9.52,'Somerset Home','Trademark Global'),
	(1194,397,'Char-Broil All Season Large 3-4 Burner Grill Cover',32.99,'Char-Broil','Char-Broil'),
	(1195,347,'Mainstays Single Serve Dual Brew Coffee',19.92,'Mainstays','Mainstays'),
	(1196,421,'OOK Pressure-Mount Suction Cup Hooks (5lb) 2 Pack',2.97,'OOK','Hillman Group Inc'),
	(1197,671,'Manor Park Wooden Picnic Table with Umbrella Hole, Multiple Colors and Styles',438.99,'Manor Park','Manor Park'),
	(1198,689,'Gotham Steel 12 Piece Non-stick Cookware, Dishwasher Safe, Pots and Pans Set',79.88,'Gotham Steel','Gotham Steel'),
	(1199,690,'Wagner 915e Power Steamer for Steam Cleaning and Wallpaper Stripping',115.00,'Wagner','Wagner'),
	(1200,691,'Mainstays Waterproof Mattress Pad, Queen',19.96,'Mainstays','Mainstays'),
	(1201,385,'Mainstays Basics Microfiber Sheet Set, Twin, Blue',4.97,'Mainstays','Mainstays'),
	(1202,444,'Avanti 7.4 Cu. Ft. Two Door Apartment Size Refrigerator - Black w/Platinum Finish',429.00,'Avanti','Avanti Products'),
	(1203,462,'PharMeDoc Pregnancy Pillow with Velvet Cover - U Shaped Body Pillow - Full Body Maternity Pillow for Pregnant Women',39.95,'PharMeDoc','PharMeDoc'),
	(1204,493,'Design Toscano Lord Ganesha Hindu Elephant God Statue',38.90,'Design Toscano','Design Toscano'),
	(1205,383,'Jiffy-Foil Giant Oval Rack Roaster',0.98,'Jiffy Foil','Jiffy-foil Corp.'),
	(1206,538,'Mainstays Basic Bath Collection - Single Bath Towel, Solid Red',0.69,'Mainstays','Mainstays'),
	(1207,692,'Farberware 4L Deep Fryer, Stainless Steel',39.92,'Farberware','Farberware'),
	(1208,415,'Woven Paths Modern Farmhouse Barn Door TV Stand for TVs up to 65\", Grey Wash',168.00,'Woven Paths','Woven Paths'),
	(1209,693,'Sauder HomePlus 71\" Tall 2-Door Multiple Shelf Wood Storage Cabinet, Dakota Oak Finish',301.25,'Sauder','Sauder'),
	(1210,551,'ShelterLogic Outdoor Storage Shed-in-a-Box, Peak Top, Grey, 6 x 6 x 6 ft, ShelterLogic Sheds & Outdoor Storage',187.79,'ShelterLogic','ShelterLogic'),
	(1211,19,'Ozark Trail 12-Pack 32\" Bamboo Skewers',0.88,'Ozark Trail','Ozark Trail'),
	(1212,691,'Serta Sertapedic Crib Mattress Pad Cover/Protector with Nanotex Stain Repel and Release',15.99,'Serta','Delta Children'),
	(1213,694,'Visa $100 Gift Card',105.44,'Visa','inComm'),
	(1214,600,'Your Zone Ruffled Microfiber Bed Skirt, Multiple Colors',9.96,'Your Zone','Your Zone'),
	(1215,450,'Peerless 3-Spray Hand Shower/Shower Head Combo in Chrome',30.97,'Peerless','Peerless'),
	(1216,397,'Pit Boss Lexington Grill Cover, Heavy Duty Weather Resistant Pellet Grill Cover',25.00,'Pit Boss','Dansons Inc.'),
	(1218,469,'Mainstays 5-Speed Corded Hand Mixer, Black',9.88,'Mainstays','Mainstays'),
	(1219,695,'48 x 24 x 60\" Mylar Water-Resister Grow Tent with Observation Window Indoor Plant Growing Green House',67.99,'Segawe','segawe'),
	(1220,696,'Command Clear Decorating Clips Value Pack, 40 Clips, 48 Strips',4.97,'Command','3M'),
	(1221,600,'Minecraft \'Squid\' Glow in the Dark Blue Pillow Buddy, 1 Piece',15.96,'Minecraft','Jay Franco & Sons'),
	(1222,559,'Ktaxon Dining Table Set Tempered Glass Dining Table with 4pcs Chairs Transparent & Black',249.99,'Ktaxon','Ktaxon'),
	(1223,423,'Rubbermaid Horizontal Outdoor Resin Storage Shed, Olive & Sandstone',219.00,'Rubbermaid','Rubbermaid Home Products'),
	(1224,447,'Instant Pot Duo Mini 3 Qt 7-in-1 Multi-Use Programmable Pressure Cooker, Slow Cooker, Rice Cooker, Steamer, Saut, Yogurt Maker and Warmer',69.00,'Instant Pot','Instant Pot'),
	(1225,698,'Danby DCF072A3WDB-6 7.2 Cu.Ft. Chest Freezer with 5 Year Warranty, Garage Ready Deep Freezer with Basket, Perfect for Dorm, Kitchen, Basement, in White',329.99,'Danby','Danby'),
	(1226,695,'9-Pod Grow Anything',15.45,'AeroGarden','AeroGarden'),
	(1227,582,'Arden Selections Sapphire Leala 24 x 24 in. Outdoor Deep Seat Cushion Set',39.25,'Arden Selections','Arden Companies'),
	(1228,425,'DHP 8 Inch Independently Encased Coil Futon Mattress, Black Microfiber',299.00,'DHP','Dorel Home Products'),
	(1229,435,'Cuisinart Round Classic Brushed Stainless Waffle Maker',29.92,'Cuisinart','Cuisinart'),
	(1230,699,'Better Homes & Gardens Decorative Geometric Throw Pillow, Chevron Pattern, 18\" x 18\"',12.87,'Better Homes & Gardens','Better Homes & Gardens'),
	(1231,355,'Nuwave Brio 6-Quart Digital Air Fryer with one-touch digital controls',99.97,'NuWave','NuWave'),
	(1232,393,'Mainstays Delrinne 2-Piece Outdoor Backless Hardwood Barstool Set',89.00,'Mainstays','Mainstays'),
	(1233,582,'Outdoor 22\" x 72\" x 4\" Chaise Cushion',44.99,'Jordan Manufacturing','Jordan Manufacturing'),
	(1234,700,'9GreenBox - Southern Magnolia Tree - 4\'\' Pot',6.99,'9GreenBox','9GreenBox'),
	(1235,391,'WORX 20V Power Share 12” String Trimmer / Edger',99.99,'Worx','Positec Technology'),
	(1236,44,'Weber Original Kettle Premium 22\" Black Charcoal Grill',175.00,'Weber','Weber Stephen Products'),
	(1237,701,'Best Choice Products Adjustable Universal Steel Hammock Stand for Hammocks 9-14ft Long w/ S Hooks',99.99,'Best Choice Products','Best Choice Products'),
	(1238,691,'Soft Breathable Mattress Pad, Diamond Quilted with 16\"Deep Pocket, White,Twin/Full/Queen/King',19.99,'ONLINE','Unbranded'),
	(1239,532,'CASA 7-Piece Solid Reversible Comforter Set With BONUS Sheets, Full, Aqua',40.63,'Casa','Idea Nuova'),
	(1240,661,'Unique Loom San Francisco Indoor/Outdoor Modern Floral Area Rug or Runner',57.26,'Unique Loom','Unique Loom'),
	(1241,422,'Quictent Upgraded Large Door Portable Mini Greenhouse Green Garden Hot House Grow Tent More Size (71\"WX 36\"D X 36\"H PE Cover)',39.99,'Quictent','Quictent'),
	(1242,599,'Roundhill Traditional Queen Anna Style Wood Floor Cheval Mirror, White Finish',42.99,'Roundhill Furniture','RH'),
	(1243,493,'62565 Realmingo 52 in. Original Featherstone Standing Flamingo Statue',21.58,'GAN EDEN','Gan Eden'),
	(1244,702,'Parent\'s Choice Fork & Spoon Set, 10 Pack',1.96,'Parent\'s Choice','Parent\'s Choice'),
	(1245,635,'Sunnydaze Roman Border Fence Set, Decorative Metal Garden Fencing, 18 Inches x 22 Inches Wide Each Piece - Choose Quantity',55.95,'Sunnydaze Decor','Sunnydaze Decor'),
	(1246,435,'PowerXL Smokeless Grill Plus with Tempered Glass Lid and Turbo Speed Smoke Extractor Technology',99.99,'PowerXL','PowerXL'),
	(1247,703,'Impressions Monticello Solid Microfiber Fleece Blankets and Throws',24.99,'Impressions','Home City Inc'),
	(1248,704,'Plano 22\"W x 14\"D x 48\"H 4-Shelf Plastic Shelf Unit, Black, 200 lb Capacity',14.97,'Plano','Plano Molding'),
	(1249,705,'Walnew 3 PCS Outdoor Patio Furniture PE Rattan Wicker Table and Chairs Set Bar Set with Cushioned Tempered Glass (Brown/Beige)',124.99,'Walnew','Walnew'),
	(1250,342,'Outdoor Garden Furniture Rain Cover Oxford Waterproof Sofa Protection Set Patio Rain Snow Dustproof Covers',19.90,'Willstar','Willstar'),
	(1251,600,'Shark Plush Pillow & Throw Combo for Kids by Your Zone',9.96,'Your Zone','Your Zone'),
	(1252,628,'Abco Tech Bed Wedge Pillow Memory Foam Top Breathable 7\" Height Washable Cover White',37.97,'Abco Tech','Abco Tech'),
	(1253,424,'Orbit Irrigation 1 Port Digital High Flow Hose Faucet Timer with Large LCD Screen & Easy Push Dial Programing',24.88,'Orbit','PRO-MARK INC.'),
	(1254,411,'Cuisinart Toaster Oven Broilers Air Fryer',199.00,'Cuisinart','Conair'),
	(1255,447,'Mainstays Multi-Use Pan 10 ct Pack',4.88,'Mainstays','Mainstays'),
	(1256,706,'Murphy\'s Law Poster - 24x36',3.97,'Mayfield Printing','Mayfield Printing'),
	(1258,707,'Arctic King Premium 34-Bottle Wine Cooler',200.27,'Arctic King','Midea'),
	(1259,521,'Pothos \'Silver Splash\' - 4\" Pot',22.99,'House Plant Shop','House Plant Shop'),
	(1260,708,'Tvilum Loft 8-Drawer Double Dresser, Multiple Colors',199.00,'Tvilum','Tvilum'),
	(1265,415,'Mainstays 4 Cube TV Console for TVs Up to 59\", True Black Oak',67.00,'Mainstays','Mainstays'),
	(1268,444,'GE Profile PVD28BYNFS 36 Inch Fingerprint Resistant Stainless Steel French Door Refrigerator',3199.00,'GE Appliances','GE Profile'),
	(1270,438,'SmileMart Adjustable Swivel Artificial Leather Gaming Chair, Black',73.14,'SmileMart','SmileMart'),
	(1274,517,'Safe Tea Kettle, Tea Strainer, Glass Teapot with Infuser Set,  Removable Stainless Steel Strainer, Microwave, Dishwasher Safe, Blooming Loose Leaf Tea Pot',17.73,'high boron-silicate + stainless steel','high boron-silicate + stainless steel'),
	(1276,438,'Furinno JAYA Compact Computer Study Desk, Espresso',46.72,'Furinno','Furinno'),
	(1279,512,'Hamilton Beach 6 Quart Slow Cooker, Red',19.96,'Hamilton Beach','Hamilton Beach'),
	(1281,463,'Yescom 10x6.5ft Patio Umbrella 6 Ribs Market Table Umbrella Tilt w/ Crank Outdoor Rectangular Sunshade Cover 5 Color Option',67.90,'Yescom','Yescom'),
	(1282,594,'Expert Grill Instant Charcoal Briquets, Charcoal Grill Briquettes, 12 Lb',6.88,'Expert Grill','Walmart Stores Inc.'),
	(1284,647,'Mainstays, 13.2 Gal/50 L Motion Sensor Trash Can, Stainless Steel',35.00,'Mainstays','Mainstays'),
	(1285,709,'Jordan Manufacturing 30lb Textured Black Offset Corner Paver Patio Umbrella Base Weight, 1 Piece',44.68,'Jordan Manufacturing','Jordan Manufacturing'),
	(1290,342,'Modern Leisure Basics Outdoor Patio Chair Cover, 34\"L x 33\"W x 31\"H, Khaki',12.69,'Modern Leisure','Allen Company'),
	(1291,710,'Expert Grill 15 inch Cedar Grilling Planks (2 Pack)',5.92,'Expert Grill','Expert Grill'),
	(1292,600,'Jurassic World 2 Movie Slumber Bag with BONUS Pillow',26.50,'Jurassic World','Idea Nuova'),
	(1293,711,'Calphalon Nonstick Bakeware 12x17-inch Baking Sheet Set, 2 Piece',27.00,'Calphalon','Calphalon'),
	(1294,404,'Better Homes & Gardens Remsen 2-Piece Patio Loveseat Set with Gray Cushions',427.25,'Better Homes & Gardens','Better Homes & Gardens'),
	(1295,376,'Vita Avalon 10\' x 10\' x 9\' White Vinyl Pergola',2389.00,'Vita','Vita'),
	(1298,601,'YARDMAX 21\" 3-in-1 Gas-Powered Push Mower 170cc',212.56,'YARDMAX','Yardmax Power Products'),
	(1299,712,'Mainstays Wood Adirondack Outdoor Side Table, Natural',49.97,'Mainstays','PT. INTERNATIONAL FURNITURE INDUSTRIES'),
	(1300,402,'Southern Living Plants Orange Rocket Barberry Evergreen Shrub 2.5 Qt',38.98,'Southern Living Plant','Flowerwood Nursery, Inc'),
	(1303,516,'Scotts EZ Seed Patch & Repair Sun and Shade, 3.75 lbs., up to 85 sq. ft.',14.93,'Scotts','The Scotts Company North America'),
	(1306,713,'Anker PowerHouse, Compact 400Wh / 120000mAh Portable Outlet, Generator Alternative Rechargeable Power Source with Silent DC/AC Inverter, 12V Car/AC/USB Outputs for Camping, CPAP or Emergency Backup',249.99,'Anker','Anker'),
	(1308,348,'Gotham Steel 12 Cup Muffin Pan, Cupcake Pan – Nonstick Bakeware for Standard Size Muffins, 12 Cup Muffin Tin with Even Heat & Non-Warp Technology, Ultra Nonstick Ceramic Coating, Dishwasher Safe',14.70,'Gotham Steel','E.Mishan & Sons'),
	(1312,714,'Craftsman String Trimmer Line Replacement Weed Eater 0.095\" Diameter Lawn Garden Tool Accessory HF980095T16',15.02,'Craftsman','Crafstman'),
	(1315,363,'Cuisinart Advantage Exclusive 12 pc. Stainless Steel Ombre Color Knife Set',17.97,'Cuisinart','Conair Corp'),
	(1316,518,'Sertapedic Cool Nites Pillow, Standard/Queen',9.96,'Serta','Springs Global'),
	(1317,573,'Libbey Midtown Martini Glasses, Set of 4',16.16,'Libbey','Libbey'),
	(1320,646,'Alpine Corporation 3-Tier Vintage Pedestal Fountain Bird Bath, Green',49.99,'Alpine','Alpine Corporation'),
	(1321,715,'CorningWare French White, Round & Oval Casserole Dish Set, 8 Piece',34.44,'CorningWare','Corningware'),
	(1323,635,'Backyard X-Scapes Bamboo Fencing, Natural Black',148.49,'Backyard X-Scapes','Generic'),
	(1326,716,'Char-Broil Performance TRU-Infrared 2-Burner Liquid Propane (LP) Cabinet Outdoor Gas Grill',259.99,'Char-Broil','Char-Broil'),
	(1328,717,'Resistance Bands Exercise Bands for Legs Butt Glute Training Fit Loop Latex for Men and Women - Set of 5',9.95,'Spawn Fitness','Spawn Fitness'),
	(1329,577,'Air Fryer Parchment Paper Compatible with Philips, NuWave, Secura +MORE',6.99,'Infraovens','INFRAOVENS'),
	(1330,498,'Black and Decker BV2500 & BV4000 Blower Replacement Leaf Bag # 610004-01',22.90,'BLACK+DECKER','Stanley Black & Decker'),
	(1333,718,'Sharp Atomic Desktop Clock, Atomic Accuracy, Time/Date/Temperature, SPC932',19.94,'Sharp','Sharp'),
	(1334,719,'BLACK+DECKER Professional Steam Iron with Stainless Steel Soleplate and Extra-Long Cord, Purple, IR1350S',27.44,'BLACK+DECKER','BLACK+DECKER'),
	(1335,605,'Garland Rug Town Square Solid Mocha 7\'6\"x9\'6\" Indoor Area Rug',63.69,'Garland Rugs','GARLAND'),
	(1341,720,'SlipX Solutions Easy Roller Double Glide Shower Hooks (12 Count)',11.99,'SlipX Solutions','SlipX Solutions'),
	(1342,721,'Sun Joe SBJ597E All Purpose Electric Blower - 155 MPH - 6 Amp (Green)',20.09,'Sun Joe','Snow Joe'),
	(1343,722,'Ego-CS1401 POWER+ 14in. Cordless Chain Saw Kit with 2.5Ah Battery',219.00,'EGO','EGO'),
	(1346,435,'Presto 12\" Electric Skillet with Glass Cover',26.94,'Presto','Presto'),
	(1350,385,'Mainstays Easy Care 300 Thread Count Cotton Rich Percale Grey Twin/Twin-XL Fitted Sheet',6.84,'Mainstays','YUNUS TEXTILE MILLS'),
	(1351,435,'George Foreman 4-Serving Removable Plate Electric Grill and Panini Press, Black, GRP1060B',28.97,'George Foreman','George Foreman'),
	(1361,723,'Mr. Coffee Iced Tea & Iced Coffee Maker, Black, 2 Quart',19.94,'Mr. Coffee','Jarden Consumer Solutions'),
	(1369,636,'300 LED Vanity Mirror Lights Kit for DIY Makeup Dressing Table Set 13ft 6000K',20.48,'EEEkit','EEEKit'),
	(1373,409,'Arctic King 3.2 Cu ft Two Door Compact Refrigerator with Freezer, Stainless Steel',169.00,'Arctic King','Midea Electric Trading Co'),
	(1374,482,'Nickelodeon Paw Patrol Pop-Up Hamper',17.80,'Nickelodeon','Idea Nuova'),
	(1383,409,'Costway  Refrigerator Small Freezer Cooler Fridge Compact 3.2 cu ft. Unit',239.99,'Costway','Costway'),
	(1386,391,'Dremel A679-03 Rotary Tool Sharpening Kit, 3 Attachments and 4 Accessories',14.74,'Dremel','Dremel'),
	(1387,452,'Mainstays Rubber Pin Doormat, 24\" x 16\"',2.88,'Mainstays','Nc John & Sons (p) Ltd'),
	(1388,724,'Walnew 9 Pieces Patio Dining Sets Outdoor Furniture Patio Wicker Rattan Chairs and Tempered Glass Table Sectional Set Conversation Set Cushioned with Ottoman (Beige)',399.99,'Walnew','Walnew'),
	(1389,19,'Chef Craft Set of 2 Stainless Steel Mini Wood Handle, Slotted Solid Blade Cookie Spatula, Silver',6.99,'Chef Craft','Chef Craft'),
	(1390,494,'Snow Joe RJ204M Telescoping Snow Shovel Roof Rake, 21-Foot Extension, Poly Blade',19.10,'Snow Joe','Snow Joe'),
	(1394,393,'Better Homes & Gardens Cameron Park Patio Wicker Bar Chair',89.97,'Better Homes & Gardens','Better Homes & Gardens'),
	(1397,725,'The Pioneer Woman Flea Market 8-Piece 3.12-Inch Dip Bowl Set',18.50,'The Pioneer Woman','The Pioneer Woman'),
	(1402,669,'FoodSaver Cordless Handheld Food Vacuum Sealer',24.98,'FoodSaver','Jarden Consumer Solutions'),
	(1403,429,'Hamilton Beach Stack & Snap 10 Cup Food Processor, Model 70723',49.88,'Hamilton Beach','Hamilton Beach'),
	(1404,370,'Mainstays Heritage Park Steel Stacking Chair, Teal',19.97,'Mainstays','Mainstays'),
	(1409,726,'EEEkit 2Pack Anti-Bird Netting, Garden Plant Netting, Bird Netting Heavy Duty Nylon (20*6.6 FT) Suit for Seedling,Vegetables,Flowers,Fruit,Bushes,Reusable Fencing Garden Plant Fruits Fencing mesh',10.98,'EEEkit','EEEKit'),
	(1411,727,'Sealy 2 Pack SecureStay Waterproof Fitted Crib Mattress Pads',29.44,'Sealy','Kolcraft'),
	(1414,529,'Greenworks 8-Inch 40V Cordless Pole Saw, 2Ah Battery and Charger Included 1403702',219.95,'Greenworks','Sunrise Global Marketing'),
	(1420,409,'Galanz 3.3 Cu ft Single-Door Compact Refrigerator, Black Estar',139.00,'Galanz','Zhongshan Galanz Consumer Electric Appliances Co.,ltd'),
	(1422,513,'Duhome Vanity Make-up Accent Chair Luxury PU Leather Contemporary Round Swivel Tufted Adjustable Lounge Chair White 1 Pcs',99.99,'Duhome Elegant Lifestyle','Duhome'),
	(1423,728,'Andy Warhol\'s Velvet Underground Featuring Nico Music Poster - 23.5x33',9.99,'Dragonfly Posters','Dragonfly Posters'),
	(1425,556,'Better Homes & Gardens Med Terrarium',19.84,'Better Homes & Gardens','Better Homes & Gardens'),
	(1427,347,'Hamilton Beach The Scoop Single-Serve Coffee Maker, 14 oz., Stainless Steel, Model 47550',34.96,'Hamilton Beach','Hamilton Beach'),
	(1428,359,'Sun Joe HJ605CC-RED 2-in-1 Cordless Telescoping Grass Trimmer, 7.2 Volt (Red)',54.00,'Sun Joe','Snow Joe'),
	(1429,729,'Signature Design by Ashley Alvaro Clear/Bronze Finish 29\" Glass Table Lamp - Set of 2',108.81,'Signature Design by Ashley','Ashley Furniture Industries'),
	(1433,466,'Better Homes and Gardens 4-Cube Organizer Storage Bench, Multiple Finishes',99.00,'Better Homes & Gardens','Better Homes & Gardens'),
	(1439,600,'Tranquility Kid\'s Weighted Blanket, 6Lbs With Washable Cover, Blue',24.97,'Tranquility','American Textile Company'),
	(1443,352,'Braun MultiQuick 5 Vario Hand Blender with 21 Speeds, Whisk, and 1.5-Cup Chopper',63.71,'Braun','Braun'),
	(1445,724,'Mainstays Albany Lane 6 Piece Outdoor Patio Dining Set, Red',149.98,'Mainstays','Mainstays'),
	(1447,730,'Delta Children Infant and Toddler Hangers, 100-Count',14.00,'Delta Children','Delta Children'),
	(1449,650,'Better Homes & Gardens Ruffle Ogee Cotton Bath Rug Set, Aquifer, 2 Pieces',17.94,'Better Homes & Gardens','Better Homes & Gardens'),
	(1451,566,'Fox Run 5211 Copper Hanging Baskets',13.60,'Fox Run','Fox Run'),
	(1454,450,'Luxury High-Pressure All-Chrome 6-inch Rainfall Shower Head with 60 Jets and Solid Brass Angle-Adjustable Ball Joint',9.98,'AquaSpa','Interlink Products International'),
	(1461,731,'Pit Boss Lexington 500 sq. in. Wood Pellet Grill w/ Flame Broiler and Meat Probe',292.00,'Pit Boss','Pit Boss'),
	(1464,496,'Rubbermaid Commercial Outdoor Gray Brute Heavy-Duty Round Garbage Can 32-gallon, Gray',36.59,'Rubbermaid Commercial Products','Rubbermaid Commercial Products'),
	(1466,572,'Fencer Wire 16 Gauge Black Vinyl Coated Welded Wire Mesh Size 1.5 inch by 1.5 inch (3 ft. x 50 ft.)',98.88,'Fencer Wire','Fencer Wire'),
	(1469,383,'Mainstays Nonstick 12\" Diameter Pizza Pan, Pizza Crisper, Dark Gray',1.48,'Mainstays','Mainstays'),
	(1474,732,'Bed Frame Assembly by Handy',59.00,'Handy','Handy'),
	(1475,733,'Gripper Jumbo Rocking Chair Cushions, Venus',67.41,'Gripper','Klear Vu'),
	(1479,386,'LG NeoChef 2.0 Cu. Ft. 1200W Countertop Microwave, Black Stainless Steel',270.33,'LG','LG'),
	(1480,385,'Elegant Comfort Silky-Soft 1500 Thread Count Egyptian Quality Wrinkle-Free 4-Piece Stripe Sheet Set Includes Flat Sheet, Fitted Sheet and 2 Pillowcases Queen Black',20.98,'Elegant Comfort','Elegant Comfort'),
	(1483,352,'Hamilton Beach 2 Speed Hand Blender, 59762',21.96,'Hamilton Beach','Hamilton Beach'),
	(1485,710,'Expert Grill Disposable Grill Topper, 16\" x 12\", 3-Pack',3.96,'Expert Grill','Expert Grill'),
	(1486,415,'Woven Paths Farmhouse Sliding Barn Door TV Stand for TVs up to 65\", White/Reclaimed Barnwood',205.89,'Woven Paths','Woven Paths'),
	(1487,487,'Novogratz Bushwick Metal Bed, Multiple Options Available',169.00,'Novogratz','Dorel Home Products'),
	(1492,734,'Hunter 44\" Dempsey Low Profile with Light Fresh White Ceiling Fan with Light with Handheld Remote',118.00,'Hunter Fan','Hunter Fan'),
	(1496,735,'Suncast 22 Gallon Outdoor Resin Wicker Deck Storage Box with Seat, Java Brown',57.54,'Suncast','Suncast'),
	(1500,710,'Fosmon Digital Cooking Thermometer Instant Read with Long Stainless Steel Probe & LCD Screen for Food, Meat, Kitchen, BBQ, Grill, Liquid, Oil',6.87,'Fosmon','Fosmon'),
	(1501,563,'Smilemart Metal Multipurpose Entryway Hall Tree with 3-Tier Shoe Rack, Black',39.99,'SmileMart','SmileMart'),
	(1503,463,'California Umbrella Pacific Trail Market Tilt Olefin Patio Umbrella, Multiple Colors',135.63,'California Umbrella','California Umbrella'),
	(1505,736,'Comfort Zone 16\" 3-Speed Quiet Wall Mount Fan with Remote Control, Timer and Adjustable Tilt, White',38.92,'Comfort Zone','Comfort Zone'),
	(1510,737,'snorda Office Desk Computer Desk Bedroom Computer Study Table Work Table Workstation for Home Office 39.4\"',59.96,'Snorda','snorda'),
	(1511,446,'Best Choice Products 2-Person Outdoor Swing Glider, Patio Loveseat, Steel Bench Rocker for Porch w/ Armrests - Brown',124.99,'Best Choice Products','Best Choice Products'),
	(1516,738,'【Capacity 300KG】Double Person Outdoor Camping Hammock Tent Sleeping Hanging Bed with Mosquito Net, Including Straps, Carabiners, Rope & Portable Bag',24.99,'Kadell','Kadell'),
	(1521,739,'Bull Outdoor Products Liquid Propane Outlaw Drop-In Steel Barbecue Grill Head',1295.00,'Bull','Bull Outdoor Products'),
	(1525,740,'Generac 7122 - 3200 PSI 2.7 GPM SpeedWash Gas Pressure Washer',456.15,'Generac','Generac Power Systems, Inc.'),
	(1529,483,'ZENSTYLE 9lbs Capacity Mini Washing Machine Compact Counter Top Washer w/Spin Cycle Basket and Drain Hose',70.99,'ZenStyle','ZenStyle'),
	(1531,695,'GROW!T GMC25L Hydroponic 100% Natural Clay Pebbles, .90 Cubic Feet/25 Liter Bag',29.99,'Hydrofarm','hydrofarm'),
	(1539,609,'Better Homes & Gardens Antique Bronze Desk Lamp with USB Port',36.96,'Better Homes & Gardens','Better Homes & Gardens'),
	(1547,358,'Best Choice Products 98x80in Retractable Patio Sun Shade Awning Cover w/ Aluminum Frame, Crank Handle - Beige',199.99,'Best Choice Products','Best Choice Products'),
	(1551,19,'Rubbermaid Ice Cube Tray, Plastic, White',1.97,'Rubbermaid','Rubbermaid'),
	(1556,466,'Woven Paths Sage Entryway Storage Bench with Cushion and Bins, Espresso',148.98,'Woven Paths','Woven Paths'),
	(1558,477,'Anova Culinary Sous Vide Nano Precision Cooker | Bluetooth | 750W | Anova App Included',99.00,'Anova Culinary','Anova Culinary'),
	(1566,741,'Wilton 10-Inch Round Cake Boards, Gold, 3-Count',2.97,'Wilton','Wilton'),
	(1573,363,'Farberware Classic 22-piece Stamped Stainless Steel Cutlery and Utensil Set',29.97,'Farberware','Lifetime Brands Inc'),
	(1574,742,'Better Homes & Gardens Charleston Collection Grey Rolling Underbed Storage Organizer',11.48,'Better Homes & Gardens','Better Homes & Gardens'),
	(1577,743,'Deep Fryer Double Basket with Stand Cart 10 QT Stainless Steel Propane Gas',275.00,'M.D.S Cuisine','M.D.S Cuisine Cookwares'),
	(1581,600,'Fortnite Boogie Twin/Full Reversible Comforter & Sham Set',29.96,'Fortnite','Jay Franco & Sons'),
	(1582,666,'Sticky Toffee, 6 Pack, Cotton Terry Kitchen Towel and Dishcloth Set, Dark Blue',9.11,'Sticky Toffee','JVS Export'),
	(1586,482,'HIYAGON Storage Baskets, 15\"L x 10\"W x 9\"H Cotton Toy Storage Bins with Stylish Pattern for Home Organization, Gift Basket, Kid\'s Toy Organizer, Shelf Basket ( Rectangular - Black Inverted Triangle )',9.99,'Hiyagon','HIYAGON'),
	(1593,744,'Regency Hill Traditional Table Lamps Set of 2 Beige Washed Fabric Tapered Drum Shade for Living Room Bedroom Nightstand Family',79.99,'Regency Hill','Regency Hill'),
	(1598,447,'Mainstays 13.75\" Non-Stick Wok',5.76,'Mainstays','Mainstays'),
	(1599,745,'Better Homes & Gardens Paisley Medallion Cotton Standard Sham, White, 2 Piece',19.97,'Better Homes & Gardens','Better Homes & Gardens'),
	(1601,746,'Way to Celebrate Mini Baking Cups, 100 Count',1.78,'WAY TO CELEBRATE!','WAY TO CELEBRATE!'),
	(1603,380,'Yoga Sprout Baby Boy and Girl Mink Blanket with Sherpa Backing, Moon',10.99,'Yoga Sprout','BabyVision'),
	(1605,747,'Brylanehome Georgia Chenille Bedspread',105.07,'BrylaneHome','BrylaneHome'),
	(1610,748,'Sterno 70153 Foldable Frame Buffet Chafer Set, 8-Quart',38.49,'Sterno','Sterno'),
	(1612,547,'Mainstays Flexible White Laundry Hamper, 26\"',7.98,'Mainstays','Mainstays'),
	(1615,749,'6 Pack 12oz Clear Plastic Squeeze Bottle Condiment Ketchup Mustard Oil Mayo Salt',11.89,'Winco','Winco'),
	(1618,750,'Frozen 2 - Key Art Poster',10.32,'Trends International','Trends International'),
	(1619,751,'Better Homes & Gardens Papasan Bench with Cushion, Navy',299.00,'Better Homes & Gardens','Better Homes & Gardens'),
	(1620,444,'Frigidaire 7.5 Retro Fridge, Platinum Design, (EFR751)',369.77,'Frigidaire','CURTIS INTERNATIONAL LTD'),
	(1634,383,'Mainstays 12 Cup Nonstick Muffin Pan, Cupcake Pan, 2.9\" Diameter cup, Gray',4.96,'OvenStuff','OvenStuff'),
	(1635,412,'Bonnie Plants Sweet Green Bell Pepper 19.3 oz. 2-pack',9.36,'Bonnie Plants','Bonnie Plants'),
	(1636,752,'Mainstays 1.25\" 5 Zone Hypoallergenic Mattress Topper, 1 Each, Queen',13.94,'Mainstays','Mainstays'),
	(1638,753,'Shop4Omni Clip-On Utility Tray w Cup Holders for A-Frame Gravity Recliner Chairs',9.95,'OMNI','OMNI'),
	(1643,429,'Elite Platinum Meat Slicer 130-Watt, Black',79.69,'Elite','Maximatic'),
	(1645,447,'Instant Pot, 6-Quart Duo Electric Pressure Cooker, 7-in-1 Yogurt Maker, Food Steamer, Slow Cooker, Rice Cooker & More, Pioneer Woman, Frontier Rose',89.00,'The Pioneer Woman','The Pioneer Woman'),
	(1646,429,'Presto 02910 Salad Shooter Electric Slicer/Shredder',45.96,'Presto','Presto'),
	(1647,367,'Lifetime 130-Gallon Heavy-Duty Deck Box, Desert Sand',159.99,'Lifetime','Lifetime Products'),
	(1648,754,'Better Homes & Gardens Decorative Throw Pillow, Stripe Oversize, Oblong, Ivory/Grey, 14\'\' x 24\'\', 1Pack',14.87,'Better Homes & Gardens','Envogue International LLC'),
	(1649,496,'Nine Stars Motion Sensor Touchless 21.1 Gal Trash Can, Stainless Steel',73.00,'Nine Stars','Nine Stars'),
	(1650,358,'Awntech Destin-LX with Hood Right Motor with Remote Motorized Retractable Awning',2748.84,'Awntech','Awntech'),
	(1653,570,'Better Homes and Gardens Quilted Comfort Mattress Pad, Multiple Sizes',25.00,'Better Homes & Gardens','Better Homes & Gardens'),
	(1656,632,'Sportsman 1000 Watt Inverter Generator',249.99,'Sportsman','Buffalo Corp'),
	(1660,552,'PiccoCasa 2-Piece Duvet Cover Set with Pillowcase Stereoscopic Pinch Pintuck Bedding Gray Twin',23.09,'PiccoCasa','PiccoCasa'),
	(1663,755,'Walnew Zero Gravity Chair Camp Reclining Lounge Chairs Outdoor Lounge Patio Chair with Adjustable Pillow 2 Pack (Blue)',89.99,'Walnew','Walnew'),
	(1665,497,'Starplast 88 Gallon Rattan Deck Box, Black',128.01,'Starplast','Starplast'),
	(1668,756,'KC CUBS Playtime Collection ABC, Seasons, Months and Days of the Week Educational Learning Area Rug Carpet For Kids and Children Bedrooms and Playroom (3\'3\" x 4\'7\")',34.99,'KC Cubs','Kev and Cooper LLC'),
	(1671,757,'Expert Grill 8\" Silicone Basting Brush Heat Resistant Food Grade ,Red',0.97,'Expert Grill','YANGJIANG HONGXUAN INDUSTRIAL MANUFACTURING CO., LTD'),
	(1675,421,'Better Homes & Garden Classic Towel Ring, Wall Mounted Bathroom Towel Holder, Plated Nickel',12.97,'Better Homes & Gardens','Liberty Hardware Manufacturing Corp'),
	(1679,352,'Cuisinart Hand Blenders Smart Stick® Two-Speed Hand Blender',43.95,'Cuisinart','Conair'),
	(1682,758,'Fresh Ideas Ruffles Eyelet Collection, bed skirts and shams sold separately',21.00,'Levinsohn','Levinsohn Textile'),
	(1683,518,'PiccoCasa Bed Skirt Polyester Elastic Wrap Around Dust Ruffle Snow White Full',19.49,'Unique Bargains','PiccoCasa'),
	(1686,443,'Capri Chalice Outdoor Roman Botanical Light weight Concrete Garden Urn Planter, Antique White',54.26,'Noble House','Noble House'),
	(1695,759,'Simple Modern College 30oz Cruiser Tumbler with Straw & Closing Lid - Georgia Bulldogs - 18/8 Stainless Steel Vacuum Insulated NCAA University Cup Mug',29.99,'Simple Modern','Simple Modern'),
	(1700,371,'36 inch Wood Burning Wildlife Fire Ring, Antique Bronze',29.87,'Generic','Wuyi Qinyi Metal Products Co., Ltd'),
	(1703,403,'Mainstays 2 Inch Gel Infused Memory Foam Mattress Topper, Full',49.00,'Mainstays','Mainstays'),
	(1707,528,'WEN 16\" Electric Chainsaw',52.50,'WEN Products','WEN Products'),
	(1711,760,'Child of Mine by Carter\'s Toddler Girl Fleece Hoodie, T-shirt & Pant, 3pc Outfit Set',8.00,'Child of Mine by Carter\'s','Child of Mine by Carter\'s'),
	(1716,647,'Better Homes & Gardens 2 Gallon Glass Beverage Dispenser with Glass Clamp Lid',12.94,'Better Homes & Gardens','Better Homes & Gardens'),
	(1718,388,'Keystone Fabrics Cordless Outdoor Sun Shade - 7\' wide x 6\' drop - Bryce (Brown/Black)',69.00,'Keystone Fabrics','Keystone Sales Group, Inc.'),
	(1727,761,'Luggage Rack with Shelf - Honey Oak',42.23,'Casual Home','Casual Home'),
	(1731,762,'Strawberry Wave 36\" Ledge Shelf by Drew Barrymore Flower Kids',28.00,'Drew Barrymore Flower Kids','PTM'),
	(1734,513,'Roundhill Furniture Lenola Contemporary Upholstered Accent Arm Chair, Gray',249.00,'Roundhill Furniture','Roundhill Furniture'),
	(1738,763,'Sharp Twin Bell Quartz Analog Alarm Clock, Black, SPC843',9.94,'Sharp','M.Z. Berger & Co., Inc.'),
	(1742,546,'Better Homes & Gardens Canton Media Console, Fits most 70\" Flat Panel TVs, Natural Finish',199.00,'Better Homes & Gardens','Better Homes & Gardens'),
	(1757,438,'UBesGoo 12-Cube Organizer Shelf Cubes Organizer Plastic Bookshelf Bookcase',42.99,'Ubesgoo','Ubesgoo'),
	(1759,646,'Solar Fountain, Free Standing Solar Water Pumps with 4 Different Spray Pattern Heads for Garden, Pond, Pool, Fish Tank',14.69,'Zeiger','Zeiger'),
	(1768,447,'Tramontina Primaware 18 Piece Non-stick Cookware Set, Steel Gray',39.97,'Tramontina','Tramontina'),
	(1771,507,'Mainstays Black and White Buffalo Check Plaid 8 Piece Bed-in-a-Bag, Full',32.96,'Mainstays','Mainstays'),
	(1776,764,'Mezzati Bedspread Coverlet Set Blue-Ocean Teal – Bedding Cover – Brushed Microfiber Bedding 3-Piece Quilt Set (Queen/Full, Blue Ocean Teal)',37.70,'Mezzati','Mezzati'),
	(1784,765,'Easy-Going Reversible Sofa Slipcover Water Resistant Couch Cover, Sofa Size, Peacock Blue/Beige',26.39,'Easy-Going','Easy-Going'),
	(1791,766,'Mainstays 5\" Easy Assembly Smart Box Spring, Twin',79.00,'Mainstays','Mainstays'),
	(1793,398,'Royal Gourmet CC1830F Charcoal Grill with Offset Smoker, 800 Square Inches, Black, Backyard Cooking',115.76,'Royal Gourmet','Royal Gourmet Corp.'),
	(1797,342,'30\"-65\" Outdoor TV Cover LED Flat Screen Protector Television Weatherproof Dustproof Protect with Waterproof Remote Pocket',23.99,'ANMINY','ANMINY'),
	(1798,767,'Prepac Elite 32\" Wardrobe Cabinet, White',194.81,'Prepac','Prepac Manufacturing Ltd.'),
	(1799,744,'Mainstays Traditional Brown Washed Wood Table Lamp',24.94,'Mainstays','Jimco Lamp and Manufacturing Company'),
	(1800,346,'Ktaxon Paint Sun Shape Outdoor Garden Single Iron Art Rocking Chair Black',114.92,'Ktaxon','Ktaxon'),
	(1808,347,'Nespresso VertuoPlus Coffee and Espresso Maker Bundle with Aeroccino Milk Frother by De\'Longhi, Grey',174.25,'Nespresso by De\'Longhi','Nespresso by De\'Longhi'),
	(1810,768,'Topeakmart 2 Tiers Rolling Computer Desk Study Table with Printer Shelf and Keyboard Tray for Home Office, Black',67.99,'Topeakmart','Topeakmart'),
	(1813,691,'Victoria\'s Rose Twin Waterproof Quilted Cover Dust Mite Proof & Deep Pocket Fitted Skirt 18 Inch Breathable & Machine Washable Mattress Pad Protector, White',14.99,'Victoria\'s Rose','NT'),
	(1836,352,'KitchenAid Diamond 5 Speed Blender Metallic Chrome (KSB1575MC)',149.99,'KitchenAid','LIVEDITOR LIGHTING'),
	(1839,769,'Better Homes & Gardens Silver Glam Mosaic Tile Wall Mirror, 23x28 Inch',29.88,'Better Homes & Gardens','Better Homes & Gardens'),
	(1840,770,'BIC Cristal 10pk Black',1.57,'BIC','BIC'),
	(1841,771,'Fruit of the Loom Girls\' Assorted Cotton Brief Underwear, 20 Pack Panties Sizes 4 - 14',17.98,'Fruit of the Loom','Fruit of the Loom'),
	(1842,772,'Pellon® Natural Cotton Batting With Scrim. Color: Natural.  Size: 96\" x 9 yd By the Bolt.',44.27,'Pellon','PCP Group'),
	(1843,773,'Two Pocket Folders, Holds up to 40 Sheets, 25 Black Folders (47988)',10.48,'Avery','Avery'),
	(1845,774,'Pen + Gear 3-Ring Durable View Binder, 0.5” White, Slant Ring',2.64,'Pen+Gear','Pen+Gear'),
	(1846,775,'Dottie Clip Padfolio, Available in Different Colors',4.97,'Class Act Scrapbooking','Class Act Scrapbooking'),
	(1847,774,'Pen + Gear 3-Ring Durable View Binder, 2” Black, Slant Ring',4.94,'Pen+Gear','Pen+Gear'),
	(1849,415,'Modern Mobile Rolling TV Stand on Wheels Computer Cart for TVs up to 60\", Black',62.98,'5Rcom','5Rcom'),
	(1850,776,'Pen + Gear Felt-Tip Pens, Ultra Fine, Assorted Colors, 10 Count',4.97,'Pen+Gear','Pen+Gear'),
	(1851,777,'Paper Craft Spiral Notebook Monthly Calendar Daily Planner Undated Hardcover Journal Notebook Weekly Planner',9.99,'Paper Craft Products','PaperCraft Products'),
	(1852,778,'U Brands Modern Noir 19 Pocket Expandable File Folder, Black, 2201U',12.88,'U BRANDS','U Brands'),
	(1854,779,'Duck 8.5 in x 11 in Solid Manila Kraft Bubble Shipping Mailers, 2-pack',0.97,'Duck','Duck'),
	(1856,780,'Fymall 5Pcs/Set Magic Hatching Growing Dinosaur Funny Toys Gift Water Grow Kids Toy',5.99,'Fymall','Fymall'),
	(1857,778,'Pendaflex Reinforced 2\" Expansion File Jackets, Assorted Colors, Letter, 10 per Pack',4.97,'Pendaflex','TOPS Products'),
	(1859,781,'Sakura Pigma Micron Fineline Pens, Archival Black, 01-03-05 Tip Sizes, 3 Pack',7.78,'Sakura','Sakura'),
	(1860,782,'Springhill Digital Index Color Card Stock 90 lb 8 1/2 x 11 Ivory 250 Sheets/Pack 056100',10.50,'Springhill','Springhill'),
	(1862,783,'Pen + Gear Copy Paper, White, 500 Sheets',3.97,'Pen+Gear','Pen+Gear'),
	(1863,784,'Pen + Gear 3-Prong Paper Folder, Solid Blue Color, Letter Size',0.15,'Pen+Gear','Pen+Gear'),
	(1864,100,'Pen + Gear Magnetic Dry Erase Combination Calendar Board, 17” x 23”',8.87,'Pen+Gear','Pen+Gear'),
	(1865,785,'PEN+GEAR #10 V-Flap Envelopes, Security, White, 40 Count, Model# 61755',1.18,'Pen+Gear','Pen+Gear'),
	(1866,786,'Pendaflex Expansion File, 21 Pocket, Alphabetic/All Purpose, Letter Size, Red Rope',9.64,'Pendaflex','TOPS Products'),
	(1867,787,'Pen + Gear Durable View 3-Ring Binder with 1-inch D Rings (Black)',2.88,'Pen+Gear','Pen+Gear'),
	(1869,788,'Fridge Calendar Magnetic Dry Erase Calendar Whiteboard Calendar For Refrigerator Planners 16.9 Inches X 11.8 Inches',11.97,'Volcanics','Volcanics'),
	(1870,789,'Aurora AU875XA 8-Sheet Crosscut Paper and Credit Card Shredder with 3.7-gallon Wastebasket',31.98,'Aurora GB','Aurora GB'),
	(1871,100,'Me & My Big Ideas The Happy Planner Classic Journal',9.88,'me & my BIG ideas','Me & My Big Ideas'),
	(1872,779,'Duck 6 in. x 9 in. (Size 0) Kraft Bubble Shipping Mailers, 12 Pack',5.47,'Duck','Duck'),
	(1873,768,'Senda Kids\' Wooden Storage Table and Chairs Set, 3 Piece',64.98,'Senda','Fujian Senda Foreign Trade Co.,Ltd'),
	(1874,790,'Avery Economy View Binder, 1\" Round Rings, 4 Binders, White (19200)',9.26,'Avery','Avery'),
	(1875,791,'Pilot G2 Retractable Gel Ink Pens, Fine Point, Black, 5 Pk, 917142099',5.99,'Pilot','Pilot'),
	(1876,790,'Pen + Gear Copy Paper, White, 2500 Sheets',16.00,'Pen+Gear','Pen+Gear'),
	(1877,792,'U.S. Art Supply 96 Hole Plastic Pencil & Brush Holder - Desk Stand Organizer Holder for Pens, Paint Brushes, Colored Pen',7.96,'U.S. Art Supply','TCP Global'),
	(1878,793,'FOREVER 2019 US FLAG BOOK OF 20 STAMPS',15.00,'USPS','USPS'),
	(1879,794,'Bostitch Dynamo Stapler with Pencil Sharpener and Staple Remover',6.67,'BOSTITCH','BOSTITCH'),
	(1880,795,'Pen + Gear Basic Round Ring View Binder, 1\", White',1.97,'Pen+Gear','Pen+Gear'),
	(1882,796,'Blue Sky 2021 Weekly & Monthly Planner, 8.5\" x 11\", Lalia',13.61,'Blue Sky','Blue Sky The Color of Imagination, LLC'),
	(1883,797,'Pen+Gear Manila File Folders, 1/3-Cut Assorted Tabs, Letter Size, 100 per Box',5.94,'Pen+Gear','Pen+Gear'),
	(1884,798,'Drill Paddle - Handheld Trolling Motor',55.00,'Generic','Idea\'z'),
	(1885,790,'Pendaflex® File Folders, Manila, Letter Size, 200 per Carton',19.99,'Pendaflex','TOPS Products'),
	(1886,778,'Universal Screw-Together Hanging Folder Frame, Letter Size, 23-26.77\" Long -UNV17000',9.04,'Universal','Universal Office Products'),
	(1887,799,'Stamp Roll Dispenser',5.37,'Safina','Safina'),
	(1889,800,'Avery Big Tab Write & Erase Dividers, 5-Tab Set (23060)',1.24,'Avery','Avery Products Corporation'),
	(1890,801,'Weider Olympic Curl Bar with Partially-Knurled Grip and 310 lb. Maximum Load Weight',32.61,'Weider','Icon Health and Fitness'),
	(1891,802,'Mainstays Stainless Steel Multi-purpose Utility Scissors with Black Plastic Handle',0.97,'Mainstays','Mainstays'),
	(1892,803,'GriddleGiant 36\" Storage Cover Lid Fits 36 inch Blackstone Griddles, Black Powder Coated Aluminum Lid Storage Cover Made in USA',84.95,'GriddleGiant','GriddleGiant'),
	(1893,804,'Outdoor Spectator (2-Pack) Classic Aluminum Webbed Folding Lawn / Camp Chair',79.97,'Outdoor Spectator','Outdoor Spectator'),
	(1895,578,'Westinghouse 2000 Lumen Triple Head Solar Security Light, Wireless Motion Activated Kit (White Finish)',34.99,'Westinghouse','International Development Corporation'),
	(1897,805,'Projector Screen, Keenstone 120 inch 16:9 HD Foldable Anti-Crease Portable Projector Movies Screen',25.99,'Keenstone','Keenstone'),
	(1899,806,'Scotch Thermal Laminating Pouches, 50 Count, 8.5in x 11in, 3 mil Thick',12.88,'Scotch','Scotch'),
	(1900,807,'Five Star Pocket and Prong 2-Pocket Paper Folder, Assorted (34135)',0.97,'Five Star','Five Star'),
	(1901,806,'Scotch Thermal Laminating Pouches, 100 Count, 8.5\" x 11\", 3 mil Thick',12.17,'Scotch','Scotch'),
	(1902,808,'Royal Sovereign 2-Roller 12\" Laminating Machine, CL-1223',32.99,'Royal Sovereign','Royal Sovereign'),
	(1903,410,'Fireproof Document Bag Silicone Coated Fiberglass Money Bag Pouch Document Holder Water & Fire Resistant with Zipper Closure Storage for File Cash Jewelry Passport Valuables',7.99,'Anself','Anself'),
	(1905,747,'A5/A6 Loose Leaf Ring Binder Notebook Planner Weekly Monthly Diary,A6,Pink',13.17,'Sportuli','Sportuli'),
	(1906,809,'Aurora 8-Sheet Strip-cut Paper Shredder, CD Destroyer, without Basket',29.07,'Aurora GB','Aurora GB'),
	(1907,578,'Solar Lights ? Outdoor Rechargeable Battery Powered LED Exterior Lighting with Auto On for Home, Patio, Deck and Driveway by Pure Garden (Set of 4)',10.53,'Pure Garden','Trademark Global LLC'),
	(1908,810,'Pen + Gear 6-sheet Crosscut Paper/Credit Card Shredder',34.96,'Pen+Gear','Pen+Gear'),
	(1910,438,'Snap-N-Store, 3x5 Index Card Box, Black',8.19,'Snap-N-Store','IdeaStream Consumer Products LLC'),
	(1911,774,'Pen + Gear Basic D-Ring View Binder, 1 1/2\", White (WM384-34WA)',2.96,'Pen+Gear','Pen+Gear'),
	(1912,811,'Sharpie® Metallic Marker Set of 2, Silver',3.17,'Sharpie','Sanford LP'),
	(1914,48,'The Perfect Planner by BK. Undated Planner for Any Year! Flexible Structures. A5 Hardcover. Sticker Set Included-Green',18.99,'BK','4QBrands'),
	(1915,812,'Universal Peel Seal Strip #10 Security Business Envelope 100/Box',12.29,'Universal','Universal Office Products'),
	(1916,813,'Fellowes Star+ 150 Manual Comb Binding Machine, White, Black',66.09,'Fellowes','Fellowes, Inc.'),
	(1917,814,'Pen+Gear 9 in. x 12 in. Clasp Envelopes, 28 lb. Solid Brown Kraft, 6-Count',1.18,'Pen+Gear','Pen+Gear'),
	(1918,815,'360° Foldable Laptop Notebook Ergonomic Desk Table for Bed Fans Stand Portable Desk Bed Sofa Tray',26.89,'Novashion','Kadell'),
	(1919,816,'BIC Brite Liner Highlighter, Chisel Tip, Assorted Colors, Versatile Chisel Tip, 5 Count Highlighter Pack',1.97,'BIC','Bic'),
	(1920,778,'PEN+GEAR Green Letter Size Hanging File Folders, 25 Count',5.97,'Pen+Gear','Pen+Gear'),
	(1921,808,'Scotch Self-Seal Laminating Pouches, 10 Count, 8.5\" x 11\"',6.98,'Scotch','Scotch'),
	(1922,817,'National Geographic Hobby Rock Tumbler Kit',46.00,'National Geographic','JMW Sales, Inc.'),
	(1923,818,'Fellowes LX50-RS 9-Sheet Cross Cut Paper Personal Shredder',49.96,'Fellowes','Fellowes'),
	(1924,819,'Bostitch Ergonomic Desktop Stapler, 20-Sheet Capacity, Black',7.91,'BOSTITCH','BOSTITCH'),
	(1925,812,'Universal Business Envelope, #10, 4 1/8 x 9 1/2, White, 500/Box',14.71,'Universal','Universal Office Products'),
	(1926,778,'Bankers Box Basic Duty Letter/Legal File Storage Box with Lids, 10 Pack, White',17.88,'Bankers Box','Fellowes'),
	(1927,820,'Sharpie Tank Highlighters, Chisel Tip, Fluorescent Yellow, 4 Count',3.49,'Sharpie','Newell Brands'),
	(1928,353,'Outdoor Umbrella Screen by Pure Garden',23.99,'Pure Garden','Trademark Global LLC'),
	(1929,821,'Ninja Bots 2-Pack, Hilarious Battling Robots (Red/Black) with 6 Weapons and Over 100 Sounds and Movements',24.88,'NinjaBots','Spin Master Ltd'),
	(1930,822,'Honeywell 1114 1-Hour Lite Weight Fire and Water Chest A4 1 HR .39 cu ft',75.75,'Honeywell','LH Licensed Products'),
	(1931,823,'BIC Round Stic Xtra Life Ball Pen, Classic Medium Point (1.0mm), Black, Box of 60 Ballpoint Pens, Smooth Writing',5.99,'BIC','BIC'),
	(1932,747,'Fresh Patterns Bill Paying Organizer Book, 9\" x 12\", 14 pocket pages, Personal Account Book',8.99,'Current','Current'),
	(1933,824,'Bostitch Ascend™ Desktop Stapler Value Pack, Assorted Colors',8.47,'BOSTITCH','BOSTITCH'),
	(1935,825,'Expo Low Odor Dry Erase Markers, Chisel Tip, Assorted Colors, 8 Count',7.88,'Expo','Newell Brands'),
	(1936,826,'AGPTEK Graphics Drawing Pad, LCD Writing Tablet with Lock Switch for Kids, Home, Office, School, 12 Inches Pink',20.99,'AGPTEK','AGPTEK'),
	(1937,827,'Clear Front Report Cover, Double-Prong Fasteners, 1 Cover (47060)',1.52,'Avery','Avery'),
	(1938,828,'Little Tikes Market Umbrella Blue',24.99,'Little Tikes','MGA Entertainment'),
	(1939,829,'Uber $25 Gift Card (email Delivery)',25.00,'Uber','inComm'),
	(1940,830,'Derma E Tea Tree & Vitamin E Antiseptic Cream, 4 Oz',16.00,'Derma E','Derma E'),
	(1946,831,'Daily Concepts Exfoliating Dual Texture Scrubber',5.00,'Daily Concepts','Daily Concepts'),
	(1947,832,'Sally Hansen Hair Remover Wax Strip Kit for Face, Brows and Bikini',4.99,'Sally Hansen','Sally Hansen'),
	(1949,833,'K-Y Jelly Personal Lubricant, 4 oz.',7.94,'K-Y','K-Y'),
	(1950,272,'AXE Dual Action Body Spray Deodorant for Men, Wild Bamboo Light & Fresh Scent Formulated without Aluminum, 4.0 oz',4.72,'Axe','Unilever'),
	(1951,834,'Live Clean Coconut Milk Liquid Hand Soap, 17 oz. Bottle',4.55,'Live Clean','Live Clean'),
	(1956,835,'6 Pack - AVEENO Naturals Moisturizing Bar for Dry Skin 3.50 oz',21.86,'Aveeno','Aveeno'),
	(1958,836,'Turtle Wax ICE Synthetic Spray Wax (20 oz.) - Pack of 6',62.70,'Turtle Wax','Turtle Wax'),
	(1960,837,'4 in 1 Men Electric Razor Cordless Hair Removal Ladies Shaver Painless Body Hair Trimmer Remover Rechargeable Epilator for Bikini Facial Nose Ear Eyebrows Leg Armpit Clipper Grooming Groomer Kit',18.99,'Cshidworld','Cshidworld'),
	(1961,148,'Jolen Creme Bleach Dark Hair Lightener, Original, 1.2 oz Jar',7.49,'Jolen','Jolen'),
	(1962,838,'Aquaphor Baby Wash & Shampoo, Tear Free Baby Shampoo and Body Wash',8.77,'Aquaphor','Beiersdorf'),
	(1965,621,'Costway Mop Holder Hanger 5 Position Home Kitchen Storage Broom Organizer Wall Mounted',17.99,'Costway','Costway'),
	(1966,839,'Method Foaming Hand Soap, Waterfall, 10 Ounce',2.98,'method','method'),
	(1967,840,'($124.98 Value) Salon Sundry Portable Electric Hot Paraffin Wax Warmer Spa Bath',68.99,'Salon Sundry','Salon Sundry'),
	(1969,841,'Oilogic Stuffy Nose & Cough Essential Oil Vapor Bath, 9oz',6.97,'Oilogic','Oilogic'),
	(1972,842,'Eucerin Advanced Repair Body Lotion, Fragrance Free For Dry Skin, Use After Hand Washing, 16.9 Fl. Oz. Bottle',9.54,'Eucerin','Beiersdorf'),
	(1977,843,'Olay Age Defying Beauty Bar Soap, 4 ct',13.79,'Olay','Olay'),
	(1980,138,'Differin 0.1% Adapalene Acne Treatment Gel, 0.5 oz (15g)',12.26,'Differin','Differin'),
	(1982,243,'Neutrogena Original Fragrance-Free Gentle Facial Cleansing Bar, 3.5 oz',2.08,'Neutrogena','Johnson & Johnson'),
	(1986,844,'Tom\'s of Maine Natural Deodorant for Men, Mountain Spring, 2.8oz',5.97,'Tom\'s of Maine','Tom\'s of Maine'),
	(1987,845,'GOJO® NATURAL* ORANGE™ Pumice Hand Cleaner, Non Scent',15.43,'GOJO','GOJO'),
	(1988,521,'United Nursery Boston Fern Live Plant Indoor Outdoor Fern in Hanging Basket 28-30\" inch Spread Shipped Fresh from Our Florida Farm',27.00,'United Nursery','United Nursery'),
	(1989,846,'Bodycology Cherry Blossom Bath Fizzies with Vitamin E, 8 Count, 2.1 oz each',4.97,'bodycology','PDC Brands'),
	(1990,247,'Philips Norelco OneBlade replacement blade 2 pack',24.97,'Philips Norelco','Philips Norelco'),
	(1992,251,'Nair Hair Remover Bikini Cream, Sensitive Formula, 1.7OZ',3.68,'Nair','Nair'),
	(1996,847,'(6 Pk) Wet Ones Antibacterial Hand Wipes Canister, Fresh, 40 Ct',1.98,'Wet Ones','Edgewell Personal Care'),
	(1998,265,'Just For Men Easy Comb-In Color, Gray Hair Coloring for Men with Comb Applicator, Dark Brown, A-45',7.50,'Just For Men','Combe'),
	(2003,848,'Jergens Natural Glow +FIRMING Sunless Tanning Daily Moisturizing Body Lotion, Fair to Medium Skin Tone, 7.5 oz',8.64,'Jergens','KAO USA INC.'),
	(2005,849,'Finishing Touch Flawless, Original Facial Hair Remover, 18K Gold Plated, Lavender, As Seen on TV',17.88,'Finishing Touch Flawless','IDEAVILLAGE PRODUCTS CORP'),
	(2006,850,'Hello Bello Tear-Free and Ultra-Mild Bubble Bath, Lavender, 10 oz',5.98,'Hello Bello','Unconditional Love Inc.'),
	(2007,148,'Just For Men Mustache & Beard, Beard Coloring for Gray Hair with Brush Included, Medium Brown, M-35',8.13,'Just For Men','Combe'),
	(2012,851,'Tiger Balm Ultra Strength Pain Relieving Ointment Non-Staining 18 gm',5.68,'Tiger Balm','Tiger Balm'),
	(2013,164,'Neutrogena Oil-Free Salicylic Acid Acne Fighting Face Wash, 9.1 fl. oz',6.67,'Neutrogena','Johnson & Johnson');

--
-- Table structure for table `shelf`
--

DROP TABLE IF EXISTS shelf;
CREATE TABLE shelf (
  shelf_id int NOT NULL AUTO_INCREMENT,
  department_id int NOT NULL,
  shelf_name varchar(50) NOT NULL,
  aisle_name varchar(50) NOT NULL,
  PRIMARY KEY (shelf_id),
  UNIQUE KEY shelf_ID (shelf_id),
  KEY department_id (department_id),
  CONSTRAINT shelf_ibfk_1 FOREIGN KEY (department_id) REFERENCES department (department_id)
) AUTO_INCREMENT=852;

INSERT INTO shelf VALUES 
	(1,4,'Energy Drinks','Beverages'),
	(2,4,'Powdered Drink Mixes','Beverages'),
	(3,4,'Chips','Snacks, Cookies & Chips'),
	(4,4,'Crackers','Snacks, Cookies & Chips'),
	(5,4,'International Foods','Pantry'),
	(6,4,'Discount Tires','Tires'),
	(7,4,'Boxed Meals & Side Dishes','Pantry'),
	(8,4,'Baking Ingredients','Baking'),
	(9,4,'Cooking Oils & Vinegar','Pantry'),
	(10,4,'Prepaid Plans','Phone & Data Plans'),
	(11,4,'Mother\'s Day Candy & Flowers','Food Gifts & Flowers Shop'),
	(12,4,'Shoe Storage & Organizers','Storage & Organization'),
	(13,4,'Bottled Tea','Beverages'),
	(14,4,'On the Go','Candy'),
	(15,4,'Chocolate & Candy Gifts','Food Gifts & Flowers Shop'),
	(16,4,'Condiments','Pantry'),
	(17,4,'Kettle Chips','Snacks, Cookies & Chips'),
	(19,4,'Kitchen Tools & Gadgets','Kitchen & Dining'),
	(20,4,'Serveware','Kitchen & Dining'),
	(21,4,'Dryer Sheets','Laundry'),
	(22,4,'Juices','Beverages'),
	(23,4,'Scoob Characters','Scoob'),
	(24,4,'Atkins Diet','Weight Management'),
	(25,4,'Cookies','Snacks, Cookies & Chips'),
	(26,4,'Instant Coffee','Coffee'),
	(27,4,'Xbox Live Cards','Gaming Gift Cards'),
	(28,4,'Snack Mixes','Snacks, Cookies & Chips'),
	(29,4,'Protein Shakes','Protein & Fitness'),
	(30,4,'Womens Activewear','Womens Clothing'),
	(31,4,'Entertainment eGift Cards','Gift Cards'),
	(32,4,'Men\'s Incontinence','Incontinence'),
	(33,4,'Food Gifts','Food Gifts & Flowers Shop'),
	(34,4,'Gaming eGift Cards','Gift Cards'),
	(35,4,'Water','Beverages'),
	(36,4,'Artesian Water','Beverages'),
	(37,4,'Pretzels','Snacks, Cookies & Chips'),
	(38,4,'Nutrisystem','Weight Management'),
	(39,4,'Corn Chips','Snacks, Cookies & Chips'),
	(40,4,'Beef Jerky and Dried Meats','Snacks, Cookies & Chips'),
	(41,4,'Ensure','Weight Management'),
	(42,4,'Veggie Chips & Grain Chips','Snacks, Cookies & Chips'),
	(43,4,'Decaf Coffee','Coffee'),
	(44,4,'Charcoal Grills by Style','Grills & Outdoor Cooking'),
	(45,4,'Coffee Filters','Coffee'),
	(46,4,'Starbucks','Coffee'),
	(47,4,'Storage Baskets & Bins','Storage & Organization'),
	(48,4,'Shop Classic Planners by Layout','Calendars and Planners'),
	(49,4,'Back to School Foods','Seasonal Grocery'),
	(50,4,'Whole Bean Coffee','Coffee'),
	(51,4,'Herbs, Spices & Seasoning Mixes','Pantry'),
	(52,4,'Healthy Snacks','Snacks, Cookies & Chips'),
	(53,4,'Beverages','Fight Hunger'),
	(55,4,'Single Origin Coffee Roast to Order','Coffee'),
	(56,4,'Sweet Treats','Bakery & Bread'),
	(57,4,'Toddler Girls Clothing','Kids Clothing'),
	(58,4,'Milk','Beverages'),
	(59,4,'Pasta & Pizza','Pantry'),
	(60,4,'New Year New You','Seasonal Grocery'),
	(61,4,'Hand Soaps & Sanitizers','Bath & Body'),
	(62,4,'Single-Serve Cups & Pods','Coffee'),
	(63,4,'Chocolate','Candy'),
	(64,4,'Breakfast Breads','Bakery & Bread'),
	(65,4,'Bleach','Laundry'),
	(66,4,'Tea','Beverages'),
	(67,4,'Seattle\'s Best Coffee','Coffee'),
	(68,4,'Quaker Breakfast','Breakfast & Cereal'),
	(69,4,'Multipacks & Bags','Candy'),
	(70,4,'Shop Laptops by Type','Computers'),
	(71,4,'Bottled Coffee','Coffee'),
	(72,4,'Office Phones','Office Technology'),
	(73,4,'Fruit Snacks','Snacks, Cookies & Chips'),
	(74,4,'Coffee, Cocoa, & Tea Gifts','Food Gifts & Flowers Shop'),
	(75,4,'SlimFast','Weight Management'),
	(76,4,'Seeds','Snacks, Cookies & Chips'),
	(77,4,'Summer Home Lookbook','Home Lookbook'),
	(78,4,'Canned Goods','Pantry'),
	(79,4,'Keurig','Home'),
	(80,4,'Beverage','Food Service Equipment & Supplies'),
	(81,4,'Keto Foods','Keto Diet'),
	(82,4,'Heaters','Heating, Cooling, & Air Quality'),
	(83,4,'Walmart Plastic Gift Cards','Gift Cards'),
	(84,4,'Pinatas','Party Supplies'),
	(85,4,'Fuel Your Body','Sleep Better'),
	(86,4,'Slinkys','Novelty Toys & Gag Gifts'),
	(87,4,'Potato Chips','Snacks, Cookies & Chips'),
	(88,4,'Equipment Assembly Services','Assembly and Installation Services'),
	(89,4,'Coca-Cola','Beverages'),
	(90,4,'Energy & Endurance','Protein & Fitness'),
	(91,4,'Bar Stools & Counter Stools','Furniture'),
	(92,4,'Soda Pop','Beverages'),
	(93,4,'Colombian Coffee','Coffee'),
	(94,4,'Puffed Snacks','Snacks, Cookies & Chips'),
	(95,4,'Eight O\'Clock Coffee','Coffee'),
	(96,4,'Baby Food','Feeding'),
	(98,4,'Salsa','Snacks, Cookies & Chips'),
	(99,4,'Sports Drinks','Beverages'),
	(100,4,'Shop by Brand','Candy'),
	(101,4,'Ground Coffee','Coffee'),
	(102,4,'Recreation and Play Assembly Services','Home Services'),
	(103,4,'Fresh Juice & Chilled Beverages','Beverages'),
	(104,4,'Tortilla Chips','Snacks, Cookies & Chips'),
	(105,4,'Coffee Bean and Tea Leaf','Coffee'),
	(106,4,'Hot Cocoa','Beverages'),
	(107,4,'Airborne Immune Support Supplements','Vitamins & Supplements'),
	(108,4,'Meal Replacement Bars','Weight Management'),
	(109,4,'Functional Beverages','Beverages'),
	(110,4,'Soup','Pantry'),
	(111,4,'Gummy & Chewy Candy','Candy'),
	(112,4,'Popcorn','Snacks, Cookies & Chips'),
	(113,4,'Prepaid eGift Cards','Gift Cards'),
	(114,4,'Mints','Candy'),
	(115,4,'Functional & Enhanced Beverages','Beverages'),
	(116,4,'Prepaid Phones','Phones With Plans'),
	(117,4,'TV and Home Theater Setup Services','TV and Tech Setup Services'),
	(118,4,'Clean Living Oral Care','Oral Care'),
	(119,4,'Spring Water','Beverages'),
	(120,4,'Mens Pants','Mens Clothing'),
	(121,4,'Back to College Electronics','College & Beyond Shop'),
	(122,4,'Nightstands','Furniture'),
	(123,4,'Queso & Cheese Dips','Snacks, Cookies & Chips'),
	(124,4,'Paper Towels','Paper & Plastic'),
	(126,4,'Thermometers','Medicine Cabinet'),
	(127,4,'Meal Replacement Shakes','Weight Management'),
	(128,4,'Refrigerator & Freezer Parts','Appliances'),
	(129,4,'Coffee Roast to Order','Coffee'),
	(130,4,'Coffee Creamers','Coffee'),
	(131,4,'Cheetos','Snacks, Cookies & Chips'),
	(132,4,'Bird Feeders','Patio & Outdoor Decor'),
	(133,4,'Samsung Galaxy Prepaid Phones','Shop Phones by Brand'),
	(134,4,'Espresso','Coffee'),
	(135,3,'Conditioner','Hair Care'),
	(136,3,'Maybelline New York','Beauty by Top Brands'),
	(137,3,'Hair Styling Tool Brands','Hair Care'),
	(138,3,'Acne Treatments','Skin Care'),
	(139,3,'Best Men\'s Cologne','Fragrance Best Sellers'),
	(140,3,'Razors','Shaving'),
	(141,3,'Benadryl Anti Itch','Allergy and Sinus'),
	(142,3,'Nail Polish','Nail Care'),
	(143,3,'Face Wash','Skin Care'),
	(144,3,'Hair Treatments','Hair Care'),
	(145,3,'Hair Care & Hair Tools','Here for Every Beauty'),
	(146,3,'wet n wild','Beauty by Top Brands'),
	(147,3,'Women\'s Body Spray','Fragrances'),
	(148,3,'Hair Color','Hair Care'),
	(149,3,'Milani','Beauty by Top Brands'),
	(150,3,'Hair Care Brands','Hair Care'),
	(151,3,'Hair Brushes','Hair Care'),
	(152,3,'Premium Shop by Benefit','Premium Professional Skin Care'),
	(153,3,'Natural Hair Care','Hair Care'),
	(154,3,'Best Beauty Gifts Under $50','Best Beauty Gift Ideas'),
	(155,3,'Face Moisturizers by Skin Type','Skin Care'),
	(156,3,'Premium Shampoo & Conditioner Sets','Premium Hair Care & Hair Tools'),
	(157,3,'Premium Face Masks','Premium Facial Skincare'),
	(158,3,'Moisturizers','Skin Care'),
	(159,3,'Remington','Beauty by Top Brands'),
	(160,3,'Lipstick','Makeup'),
	(161,3,'Premium Fragrances','Premium Beauty'),
	(162,3,'Curling Irons','Hair Care'),
	(163,3,'Perfumes by Scent','Fragrances'),
	(164,3,'Facial Cleansers','Skin Care'),
	(165,3,'Eye Makeup Brands','Makeup'),
	(166,3,'Foundation','Makeup'),
	(167,3,'Perfume for Women','Fragrances'),
	(168,3,'Lip Care','Skin Care'),
	(169,3,'Eczema Treatment','First Aid'),
	(170,3,'Mascara','Makeup'),
	(171,3,'Shampoo','Hair Care'),
	(172,3,'Dove Personal Care','Bath & Body'),
	(173,3,'Nail Art','Nail Care'),
	(174,3,'Premium Hair & Scalp Treatments','Premium Hair Care & Hair Tools'),
	(175,3,'College Hair Essentials','Back to College Beauty'),
	(176,3,'Hair Styling Tools','Hair Care'),
	(177,3,'All Disney Toys','Disney Toys'),
	(178,3,'Hand Lotions & Creams','Bath & Body'),
	(179,3,'Eye Shadow','Makeup'),
	(180,3,'Facial Sunscreen','Skin Care'),
	(181,3,'Birthday Party Supplies','Birthday Shop'),
	(182,3,'Men\'s Shampoo and Conditioner','Men\'s Essentials'),
	(183,3,'Bath Toys','Baby & Toddler Toys'),
	(184,3,'Face Makeup Brands','Makeup'),
	(185,3,'Hairitage','Hairitage'),
	(186,3,'Hair Dryers','Hair Care'),
	(187,3,'Textured Hair Care','Hair Care'),
	(188,3,'Clarifying Shampoos for Curly Hair','The Curl Shop'),
	(189,3,'Colognes','Father\'s Day'),
	(190,3,'Bubble Baths & Soaks','Bath & Body'),
	(191,3,'Setting Powder','Makeup'),
	(192,3,'Brows','Makeup'),
	(193,3,'Razor Blades','Shaving'),
	(194,3,'CeraVe','Beauty by Top Brands'),
	(195,3,'Makeup','Spring Break Beauty'),
	(196,3,'Tanning Lotions & Oils','Sun Care'),
	(197,3,'Womens Anklets','Womens Jewelry & Watches'),
	(198,3,'Retail eGift Cards','Gift Cards'),
	(199,3,'Makeup Remover','Skin Care'),
	(200,3,'Hair Curlers','Hair Care'),
	(201,3,'Flat Irons','Hair Care'),
	(202,3,'Revlon','Beauty by Top Brands'),
	(203,3,'Face Masks','Skin Care'),
	(204,3,'Highlighter Makeup','Makeup'),
	(205,3,'All Fragrances','Fragrances'),
	(206,3,'Golf Cart Tires','Tires'),
	(207,3,'Cologne for Men','Fragrances'),
	(208,3,'Hair Regrowth','Hair Care'),
	(209,3,'Stroller Accessories','Strollers'),
	(210,3,'Men\'s Razors and Razor Blades','Shaving'),
	(211,3,'Bronzer','Makeup'),
	(212,3,'Trolls Toys','Toys Character Shop'),
	(213,3,'Euphoria Makeup','Halloween Beauty Looks'),
	(214,3,'Premium Curling Irons & Wands','Premium Hair Tools & Accessories'),
	(215,3,'Celebrity Perfumes','Fragrances'),
	(216,3,'Dermatologist Recommended Treatments','Dermatologist Recommended'),
	(217,3,'Premium Conditioners','Premium Hair Care & Hair Tools'),
	(218,3,'Good For Your Planet','Beauty Earth Day'),
	(219,3,'Equate Body Lotions & Creams','Bath & Body'),
	(220,3,'Fragrance','Spring Break Beauty'),
	(221,3,'Good For Your Animals','Beauty Earth Day'),
	(222,3,'Shaving Cream','Shaving'),
	(223,3,'Manicure Tools','Nail Care'),
	(224,3,'Shampoo and Conditioner','Hair Care'),
	(225,3,'Pool Chemicals','Outdoor Play'),
	(226,3,'Face Moisturizers with SPF','Beauty by Topic'),
	(227,3,'Premium Face','Premium Makeup'),
	(228,3,'Johnson\'s Baby','Diapering'),
	(229,3,'L\'Oreal','Beauty by Top Brands'),
	(230,3,'Premium Flat Irons','Premium Hair Tools & Accessories'),
	(231,3,'Feminine Relief','First Aid'),
	(232,3,'After-Sun Care','Sun Care'),
	(233,3,'Best Easter 2021 Decor & Ideas','Holiday Decor'),
	(234,3,'Hard Candy','Beauty by Top Brands'),
	(235,3,'False Eyelashes','Makeup'),
	(236,3,'Scar Treatment','First Aid'),
	(237,3,'Hair Rollers','Hair Care'),
	(238,3,'Dining & Entertaining','Kitchen & Dining'),
	(239,3,'Hot Air Brushes','Hair Care'),
	(240,3,'Harry\'s','Personal Care by Brand'),
	(241,3,'Beard Trimmers & Tools','Shaving'),
	(242,3,'Men\'s Shaving','Shaving'),
	(243,3,'Bar Soap','Bath & Body'),
	(244,3,'Rimmel','Beauty by Top Brands'),
	(245,3,'Fragrances by Scent','Fragrances'),
	(246,3,'Equate Facial Care','Skin Care'),
	(247,3,'Electric Shave Replacement Heads','Shaving'),
	(248,3,'Itching & Rash Treatments','First Aid'),
	(249,3,'Premium Nail Polish & Care','Premium Makeup'),
	(250,3,'Mindful Beauty Gifts','Best Beauty Gift Ideas'),
	(251,3,'Electric Shavers','Shaving'),
	(252,3,'Boys Basic Socks','The Basics Shop'),
	(253,3,'Garnier','Beauty by Top Brands'),
	(254,3,'Vicks','Cold Cough and Flu'),
	(255,3,'Children\'s Medicine Cabinet','Children\'s Health Shop'),
	(256,3,'Going Out Makeup','Makeup'),
	(257,3,'Stock up on Body Care','Bath & Body'),
	(258,3,'Blush','Makeup'),
	(259,3,'Hyper Tough','Tools'),
	(260,3,'Poise','Incontinence'),
	(261,3,'Eyeliner','Makeup'),
	(262,3,'Premium Hair Rollers','Premium Hair Tools & Accessories'),
	(263,3,'Caffeine Pills','Vitamins & Supplements'),
	(264,3,'Trending Fragrances','Fragrances'),
	(265,3,'Men\'s Hair Care','Men\'s Essentials'),
	(266,3,'Premium Cologne','Premium Fragrance'),
	(267,3,'Flower by Drew Hair Tools','Beauty by Top Brands'),
	(268,3,'Gifts for You','Best Beauty Gift Ideas'),
	(269,3,'Lip','Makeup'),
	(270,3,'Best Hair Styling Tools','Best Beauty Gift Ideas'),
	(271,3,'Baby Powders','Diapering'),
	(272,3,'Men\'s Cologne by Scent','Fragrances'),
	(273,3,'Halloween Costumes','Halloween'),
	(274,3,'Women\'s Shaving','Shaving'),
	(275,3,'Pepto-Bismol','Digestive Health'),
	(276,3,'Other Stomach Remedies','Digestive Health'),
	(277,3,'Equate Pain Relievers','Equate'),
	(278,3,'All Fiber Supplements','Fiber Supplements'),
	(279,3,'Menthol','Pain Relievers'),
	(280,3,'Supplements','Vitamins & Supplements'),
	(281,3,'Equate Digestive Health','Equate'),
	(282,3,'Harmless Brands','Quit Smoking'),
	(283,3,'Probiotics for Men','Probiotics'),
	(284,3,'Yeast Infection Treatments','Feminine Care'),
	(285,3,'Carrier Oils','Aromatherapy'),
	(286,3,'Headaches & Fever','Pain Relievers'),
	(287,3,'Juice Cleanses','Superfoods & Cleanses'),
	(288,3,'Lidocaine','Pain Relievers'),
	(289,3,'Equate Nicotine Gums 4 Mg','Quit Smoking'),
	(290,3,'Super Greens','Superfoods & Cleanses'),
	(291,3,'Shop All Probiotics','Probiotics'),
	(292,3,'Nicorette Gum 2 Mg','Quit Smoking'),
	(293,3,'Prilosec','Acid Reflux'),
	(294,3,'Nicorette','Quit Smoking'),
	(295,3,'Tena','Incontinence'),
	(296,3,'Urinary Pain Relief','Pain Relievers'),
	(297,3,'FSA','FSA and HSA Shop'),
	(298,3,'Digestive Enzymes','Digestive Health'),
	(299,3,'Netipots','Allergy and Sinus'),
	(300,3,'PPIs','Digestive Health'),
	(301,3,'Equate Pain Relievers old','Equate'),
	(302,3,'Probiotic Gummies','Probiotics'),
	(303,3,'Back Pain Relief','Pain Relievers'),
	(304,3,'Renew Life','Vitamins & Supplements'),
	(305,3,'Panty Liners','Feminine Care'),
	(306,3,'Women\'s Incontinence','Incontinence'),
	(307,3,'Letter Vitamins','Vitamins & Supplements'),
	(308,3,'Biofreeze','Pain Relievers'),
	(309,3,'Nexium','Acid Reflux'),
	(310,3,'Equate Nicotine Lozenges 2 Mg','Quit Smoking'),
	(311,3,'Culturelle','Probiotics'),
	(312,3,'Fiber Capsules','Fiber Supplements'),
	(313,3,'Maxi Pads','Feminine Care'),
	(314,3,'Spring Valley','Vitamins & Supplements'),
	(315,3,'Florastor','Probiotics'),
	(316,3,'Quit Smoking','Heart Health'),
	(317,3,'Nicoderm CQ','Quit Smoking'),
	(318,3,'Align','Probiotics'),
	(319,3,'Mucinex','Cold Cough and Flu'),
	(320,3,'Always','Feminine Care'),
	(321,3,'Advil','Pain Relievers'),
	(322,3,'All Incontinence','Incontinence'),
	(323,3,'Antacid Tablets','Acid Reflux'),
	(324,3,'Original Nicotine Gum','Quit Smoking'),
	(325,3,'Vagisil','Feminine Care'),
	(326,3,'Nature\'s Bounty Probiotics','Probiotics'),
	(327,3,'Eye Allergy Relief','Eye Care'),
	(328,3,'All Feminine Care','Feminine Care'),
	(329,3,'Claritin','Allergy and Sinus'),
	(330,3,'Nicotine Patches Step 1','Quit Smoking'),
	(331,3,'Fiber Powder','Fiber Supplements'),
	(332,3,'Digestive Advantage','Probiotics'),
	(333,3,'Nature\'s Bounty Vitamins and Supplements','Vitamins & Supplements'),
	(334,3,'Fruit Nicotine Gum','Quit Smoking'),
	(335,3,'Equate Nicotine Gums 2 Mg','Quit Smoking'),
	(336,3,'Specialty Pain Relievers','Pain Relievers'),
	(337,3,'Black Owned Skin Care','Black Owned Beauty Brands'),
	(338,2,'Storage & Transport','Food Service Equipment & Supplies'),
	(339,2,'Deck Boxes','Sheds & Outdoor Storage'),
	(340,2,'Gazebos','Outdoor Shade'),
	(341,2,'Beverage Equipment','Food Service Equipment & Supplies'),
	(342,2,'Patio Furniture Covers','Sheds & Outdoor Storage'),
	(343,2,'Womens Pajamas & Loungewear','Womens Clothing'),
	(344,2,'Garden Bridges','Garden Center'),
	(345,2,'Shade Sails','Outdoor Shade'),
	(346,2,'Shop Outdoor Rocking Chairs by Material','Patio Furniture'),
	(347,2,'Coffee Shop','Appliances'),
	(348,2,'Gotham Steel','Household Essentials'),
	(349,2,'Water Dispensers','Water Filters'),
	(350,2,'Freezers','Appliances'),
	(351,2,'Commercial Refrigerators & Commercial Freezers','Food Service Equipment & Supplies'),
	(352,2,'Blenders','Appliances'),
	(353,2,'Patio Umbrella Accessories','Outdoor Shade'),
	(354,2,'Alarm Clocks','Decor'),
	(355,2,'Air Fryers','Appliances'),
	(356,2,'Oster','Home'),
	(357,2,'Plant Gifts','Garden Center'),
	(358,2,'Awnings','Outdoor Shade'),
	(359,2,'Trimmers and Edgers','Outdoor Power Equipment'),
	(360,2,'Lifetime','Home'),
	(361,2,'Fryers','Appliances'),
	(362,2,'Philadelphia Eagles Team Shop','Sports Fan Shop'),
	(363,2,'Cutlery','Kitchen & Dining'),
	(364,2,'Accessories & Travel Brands','Bags & Accessories'),
	(365,2,'Teens\' Bathroom','Teens\' Rooms'),
	(366,2,'Premium Kitchen Shop','Featured Shops'),
	(367,2,'Shop Deck Boxes by Brand','Sheds & Outdoor Storage'),
	(368,2,'Mattress Shop','Featured Shops'),
	(369,2,'Wake Up Right','Sleep Better'),
	(370,2,'Kitchen & Dining Furniture','Furniture'),
	(371,2,'Fire Pit Accessories','Outdoor Heating'),
	(372,2,'Bar & Wine Accessories','Kitchen & Dining'),
	(373,2,'Garden Hoses','Garden Center'),
	(374,2,'Shop Sheds by Size','Sheds & Outdoor Storage'),
	(375,2,'Shop Outdoor Rocking Chairs by Color','Patio Furniture'),
	(376,2,'Pergolas','Outdoor Shade'),
	(377,2,'Beds','Furniture'),
	(378,2,'Juicers','Appliances'),
	(379,2,'Camping Hammocks','Outdoor Sports'),
	(380,2,'Bed Blankets','Bedding'),
	(381,2,'Outdoor Teak Furniture','Patio Furniture'),
	(382,2,'Electric Kettles & Ice Tea Makers','Appliances'),
	(383,2,'Bakeware','Kitchen & Dining'),
	(384,2,'Snapper','Outdoor Power Equipment'),
	(385,2,'Bed Sheets','Bedding'),
	(386,2,'Microwaves','Appliances'),
	(387,2,'Shop Kids\' Bedding by Theme','Kids\' Rooms'),
	(388,2,'Outdoor Blinds & Shades','Outdoor Shade'),
	(389,2,'Music Posters','Decor'),
	(390,2,'Toddler Furniture','Toddlers\' Room'),
	(391,2,'Featured Brands','Outdoor Power Equipment'),
	(392,2,'Top Grill Brands','Grills & Outdoor Cooking'),
	(393,2,'Outdoor Bar Stools','Patio Furniture'),
	(394,2,'Hammocks','Patio Furniture'),
	(395,2,'Pressure Washers','Outdoor Power Equipment'),
	(396,2,'Fire Pits','Outdoor Heating'),
	(397,2,'Grill Covers by Brand','Grills & Outdoor Cooking'),
	(398,2,'Combo Grills','Grills & Outdoor Cooking'),
	(399,2,'MSI','Electronics by Brand'),
	(400,2,'Digging Tools','Garden Center'),
	(401,2,'Wall Shelves','Decor'),
	(402,2,'Live Plants','Garden Center'),
	(403,2,'Mattresses & Accessories','Furniture'),
	(404,2,'Patio Chairs & Seating','Patio Furniture'),
	(405,2,'Personalized Teacher\'s Gifts','Personalized Gifts'),
	(406,2,'Outdoor Curtains','Outdoor Shade'),
	(407,2,'Food Preparation Equipment','Food Service Equipment & Supplies'),
	(408,2,'Shop MoDRN by Trend','Featured Shops'),
	(409,2,'Mini Fridges & Compact Refrigerators','Appliances'),
	(410,2,'Travel Accessories','Bags & Accessories'),
	(411,2,'Toaster Ovens','Appliances'),
	(412,2,'Bonnie Plants','Garden Center'),
	(413,2,'Oven & Range Parts','Appliances'),
	(414,2,'HART Power Tools','HART Tools'),
	(415,2,'TV Stands & Entertainment Centers','Furniture'),
	(416,2,'Storage Containers','Storage & Organization'),
	(417,2,'Dishwashers','Appliances'),
	(418,2,'Accent Cabinets & Chests','Furniture'),
	(419,2,'Agricultural Structures & Hardware','Farm & Ranch'),
	(420,2,'Kids\' Dressers & Armoires','Kids\' Rooms'),
	(421,2,'Bathroom Hardware','Bathroom Renovation'),
	(422,2,'Greenhouses','Garden Center'),
	(423,2,'Shop Sheds by Brand','Sheds & Outdoor Storage'),
	(424,2,'Watering & Irrigation','Garden Center'),
	(425,2,'Futons','Furniture'),
	(426,2,'Rachael Ray','Shop by Brand'),
	(427,2,'Office Storage','Storage & Organization'),
	(428,2,'PlayStation Downloadable Games & Gift Cards','Digital Games'),
	(429,2,'Food Prep & Processors','Appliances'),
	(430,2,'Pellet Grills','Grills & Outdoor Cooking'),
	(431,2,'Lawn Care','Garden Center'),
	(432,2,'Teens\' Storage','Teens\' Rooms'),
	(433,2,'Adirondack Chairs','Patio Furniture'),
	(434,2,'For the Home Fan Shop','Sports Fan Shop'),
	(435,2,'Electric Grills & Skillets','Appliances'),
	(436,2,'Personalized Decor','Personalized Gifts'),
	(437,2,'Garden Decorations','Patio & Outdoor Decor'),
	(438,2,'Office Furniture','Furniture'),
	(439,2,'Outdoor Benches','Patio Furniture'),
	(440,2,'Washers & Dryers','Appliances'),
	(441,2,'Camp Kitchen','Outdoor Sports'),
	(442,2,'Command Hooks','Hardware'),
	(443,2,'Outdoor Planters','Garden Center'),
	(444,2,'Refrigerators','Appliances'),
	(445,2,'The Pioneer Woman','Shop by Brand'),
	(446,2,'Outdoor Gliders','Patio Furniture'),
	(447,2,'Pots & Pans','Kitchen & Dining'),
	(448,2,'Patio Tables','Patio Furniture'),
	(449,2,'Electric Meat Tools','Appliances'),
	(450,2,'Shower Heads','Bathroom Renovation'),
	(451,2,'Ceiling Fans','Decor'),
	(452,2,'Doormats','Decor'),
	(453,2,'Patio Storage','Sheds & Outdoor Storage'),
	(454,2,'Bedspreads & Coverlets','Bedding'),
	(455,2,'Expert Grill','Grills & Outdoor Cooking'),
	(456,2,'Outdoor Cooking','Grills & Outdoor Cooking'),
	(457,2,'Dutch Ovens','Kitchen & Dining'),
	(458,2,'Bathroom Vanities','Bathroom Renovation'),
	(459,2,'Carports','Sheds & Outdoor Storage'),
	(461,2,'Rick and Morty Home','Rick and Morty'),
	(462,2,'Shop Pillows by Shape','Bedding'),
	(463,2,'Patio Umbrellas','Outdoor Shade'),
	(464,2,'Naruto','TV Shows'),
	(465,2,'Wood Patio Furniture','Patio Furniture'),
	(466,2,'Bedroom Furniture','Furniture'),
	(467,2,'Pit Boss Grills','Grills & Outdoor Cooking'),
	(468,2,'Themed Decorative Baking','Themed Party Supplies'),
	(469,2,'Hand Mixers','Appliances'),
	(470,2,'Clemson Tigers Team Shop','Sports Fan Shop'),
	(471,2,'Cooktops & Burners','Appliances'),
	(472,2,'Restaurant Furniture','Food Service Equipment & Supplies'),
	(473,2,'All Home Speakers','Home Audio & Theater'),
	(474,2,'Kitchen & Dining','Featured Shops'),
	(475,2,'Decorating Tips & Accessories','Cake, Baking & Pastry Supplies'),
	(476,2,'Candles','Bathroom'),
	(477,2,'Kitchen Appliances','Appliances'),
	(478,2,'Candles & Home Fragrance','Decor'),
	(479,2,'KitchenAid Mixer Attachments','Appliances'),
	(480,2,'Nourison','Home'),
	(481,2,'Electric Blankets','Bedding'),
	(482,2,'Kids & Teen Storage','Storage & Organization'),
	(483,2,'Washing Machines','Appliances'),
	(484,2,'Paddling Accessories','Outdoor Sports'),
	(485,2,'Liquid Fabric Softener','Laundry'),
	(486,2,'Refrigerator Brands','Appliances'),
	(487,2,'Small Space Furniture','Furniture'),
	(488,2,'Chandeliers by Room','Decor'),
	(489,2,'Waste Management','Janitorial & Sanitation Supplies'),
	(490,2,'Coffee Tables','Furniture'),
	(491,2,'Outdoor Bar Furniture','Patio Furniture'),
	(492,2,'MoDRN','Featured Shops'),
	(493,2,'Garden Statues','Patio & Outdoor Decor'),
	(494,2,'Snow Removal','Outdoor Power Equipment'),
	(495,2,'Mens Big & Tall Polos','Big & Tall'),
	(496,2,'Trash Cans','Kitchen & Dining'),
	(497,2,'Shop Deck Boxes by Color','Sheds & Outdoor Storage'),
	(498,2,'Outdoor Power Equipment Parts and Accessories','Outdoor Power Equipment'),
	(500,2,'Basketball Treat Decorating','Basketball Party Supplies'),
	(501,2,'Desk Lamps','Decor'),
	(502,2,'Toasters','Appliances'),
	(503,2,'Mega Building Toys','Building Sets & Blocks'),
	(504,2,'Tension Rods','Bath'),
	(505,2,'Ceiling Fans by Mount Type','Decor'),
	(506,2,'Professional Outdoor Power Equipment','Tools'),
	(507,2,'Teens\' Bedding','Teens\' Rooms'),
	(508,2,'HART Lawn & Garden','HART Tools'),
	(509,2,'KitchenAid Stand Mixers','Appliances'),
	(510,2,'Electric Patio Heaters','Outdoor Heating'),
	(511,2,'Canopies & Shelters','Outdoor Sports'),
	(512,2,'Slow Cookers','Appliances'),
	(513,2,'Accent Chairs','Furniture'),
	(514,2,'Wall Art by Style','Decor'),
	(515,2,'Womens Tankinis','Womens Clothing'),
	(516,2,'Grass Seed & Sod','Garden Center'),
	(517,2,'Drinkware','Kitchen & Dining'),
	(518,2,'Basic Bedding','Bedding'),
	(519,2,'Composters','Garden Center'),
	(520,2,'Raised Garden Beds','Garden Center'),
	(521,2,'Indoor Plants','Garden Center'),
	(522,2,'Smallwares','Food Service Equipment & Supplies'),
	(523,2,'Greenlife','Shop by Brand'),
	(524,2,'Outdoor Melamine Dinnerware','Kitchen & Dining'),
	(525,2,'Wine Rack Furniture','Furniture'),
	(526,2,'K-pop Posters','K-pop'),
	(527,2,'Furniture Hardware','Hardware'),
	(528,2,'Chainsaws','Outdoor Power Equipment'),
	(529,2,'Pole Saws','Outdoor Power Equipment'),
	(530,2,'Womens Plus Activewear','Womens Plus'),
	(531,2,'Ozark Trail','Outdoor Sports'),
	(532,2,'Comforters','Bedding'),
	(534,2,'Better Homes & Gardens Storage','Storage & Organization'),
	(535,2,'Garden Tools','Garden Center'),
	(536,2,'Mattress Covers & Protectors','Bedding'),
	(537,2,'Indoor Planters','Garden Center'),
	(538,2,'Bath Towels','Bath'),
	(539,2,'Cuisinart Certified Refurbished','Appliances'),
	(540,2,'Outdoor Rocking Chairs','Patio Furniture'),
	(541,2,'Bird Feeders and Bird Houses','Patio & Outdoor Decor'),
	(542,2,'Busy Lifestyle Formats','Protein & Fitness'),
	(543,2,'Throw Pillows','Decor'),
	(544,2,'Gas Grills by Fuel Type','Grills & Outdoor Cooking'),
	(545,2,'Lamps','Decor'),
	(546,2,'Better Homes & Gardens Furniture','Furniture'),
	(547,2,'Laundry Storage & Organization','Storage & Organization'),
	(548,2,'Smokers by Fuel Type','Grills & Outdoor Cooking'),
	(549,2,'Modern Outdoor Furniture','Patio Furniture'),
	(550,2,'Shop by Color','Sheds & Outdoor Storage'),
	(551,2,'Shop Sheds by Material','Sheds & Outdoor Storage'),
	(552,2,'Shop Duvet Covers by Size','Bedding'),
	(553,2,'Dryers','Appliances'),
	(554,2,'Bird Accessories','Birds'),
	(555,2,'Wall Clocks','Decor'),
	(556,2,'Pots & Planters','Garden Center'),
	(557,2,'Drew Barrymore Flower Home Decor','Featured Shops'),
	(558,2,'Womens Sandals & Flip-flops','Shoes'),
	(559,2,'Dining Room Sets','Furniture'),
	(560,2,'Dining Tables','Furniture'),
	(561,2,'Protein Shakers','Exercise & Fitness'),
	(562,2,'Alarm Clocks for Kids','Electronics for Kids'),
	(563,2,'Entryway Furniture','Furniture'),
	(564,2,'Pillow Shams','Bedding'),
	(565,2,'Nuby Sippy Cups','Feeding'),
	(566,2,'Kitchen Storage & Organization','Kitchen & Dining'),
	(567,2,'Food Storage Bags','Paper & Plastic'),
	(568,2,'Disposables','Food Service Equipment & Supplies'),
	(569,2,'Personalized Grad Gifts','Personalized Gifts'),
	(570,2,'College Dorm Essentials','Featured Shops'),
	(571,2,'Teens\' Bath','Teens\' Rooms'),
	(572,2,'Wire Fencing','Garden Center'),
	(573,2,'Barware','Kitchen & Dining'),
	(574,2,'Portable Grills','Grills & Outdoor Cooking'),
	(575,2,'Bedding Sets','Bedding'),
	(576,2,'NewAir Appliances','Appliances'),
	(577,2,'Kitchen Appliance Parts & Accessories','Appliances'),
	(578,2,'Outdoor Solar Lighting','Outdoor Lighting'),
	(579,2,'Weber Grills','Grills & Outdoor Cooking'),
	(580,2,'Beach Chairs','Patio Furniture'),
	(581,2,'Rice Cookers','Appliances'),
	(582,2,'Outdoor Cushions','Patio & Outdoor Decor'),
	(583,2,'Outdoor Cooking Tools & Accessories','Grills & Outdoor Cooking'),
	(584,2,'Flat Top Grills & Outdoor Griddles by Style','Grills & Outdoor Cooking'),
	(585,2,'Personalized Bags','Personalized Gifts'),
	(586,2,'Table Linens','Kitchen & Dining'),
	(587,2,'Table Lamps by Color','Decor'),
	(588,2,'Food Serving Supplies','Food Service Equipment & Supplies'),
	(589,2,'Picture Frames','Decor'),
	(590,2,'T-fal','Shop by Brand'),
	(591,2,'Glad','Household Essentials by Brand'),
	(592,2,'Flatware','Food Service Equipment & Supplies'),
	(593,2,'Pool Supplies','Outdoor Play'),
	(594,2,'Grilling Fuels and Fire Starters','Grills & Outdoor Cooking'),
	(595,2,'Bird Baths','Patio & Outdoor Decor'),
	(596,2,'Mountain Valley Seed Company','Household Essentials'),
	(597,2,'Ninja','Home'),
	(598,2,'Craft Tables & Craft Furniture','Arts & Crafts Furniture and Storage'),
	(599,2,'Mirrors','Decor'),
	(600,2,'Kids\' Bedding','Kids\' Rooms'),
	(601,2,'Lawn Mowers','Outdoor Power Equipment'),
	(602,2,'Digital Games','Digital Games'),
	(603,2,'Photography Art','Decor'),
	(604,2,'Green Party Supplies','Party Supplies'),
	(605,2,'Kids\' Room Decor','Kids\' Rooms'),
	(606,2,'Potting Benches','Garden Center'),
	(607,2,'Lawn Edging','Garden Center'),
	(608,2,'Coverlets','Bedding'),
	(609,2,'Desk Lamps by Style','Decor'),
	(610,2,'Shop Quilts by Color','Bedding'),
	(611,2,'Camping Hammocks by Brand','Outdoor Sports'),
	(612,2,'Blankets','Bedding'),
	(613,2,'Bed Wetting Management','Diapering'),
	(614,2,'Baking Tools & Accessories','Cake, Baking & Pastry Supplies'),
	(615,2,'Seed Gardening','Garden Center'),
	(616,2,'Living Room Furniture','Furniture'),
	(617,2,'Wall Lamps','Decor'),
	(618,2,'Shop by Width','Outdoor Shade'),
	(619,2,'Bird Houses','Patio & Outdoor Decor'),
	(620,2,'Bed Skirts & Dust Ruffles','Bedding'),
	(621,2,'Closet Organizers','Storage & Organization'),
	(622,2,'Shop Folding Tables by Material','Furniture'),
	(623,2,'Cuisinart','Home'),
	(624,2,'Shop by Style','Sheds & Outdoor Storage'),
	(625,2,'Metal Patio Furniture','Patio Furniture'),
	(626,2,'Treat Display & Storage','Cake, Baking & Pastry Supplies'),
	(627,2,'Lighting and Studio','Cameras & Camcorders'),
	(628,2,'Shop Pillows by Material','Bedding'),
	(629,2,'Baby Sheets','Nursery & Decor'),
	(630,2,'Hamilton Beach','Home'),
	(631,2,'Shop Dressers by Style','Furniture'),
	(632,2,'Generators by Brand','Outdoor Power Equipment'),
	(633,2,'Outdoor Lounge Chairs','Patio Furniture'),
	(634,2,'Wild Harvest Pet Supplies','Small Animals'),
	(635,2,'Fencing','Garden Center'),
	(636,2,'Wall Lights & Fixtures','Decor'),
	(637,2,'Dressers','Furniture'),
	(638,2,'Camp Chef','Sports & Outdoors'),
	(639,2,'Stand Mixers','Appliances'),
	(640,2,'Edible Garden','Garden Center'),
	(641,2,'Patio Door Hardware','Doors and Gates'),
	(642,2,'Fall Decor','Holiday Decor'),
	(643,2,'Soil','Garden Center'),
	(644,2,'Indoor Halloween Decor','Holiday Decor'),
	(645,2,'Full Size Refrigerators','Appliances'),
	(646,2,'Fountains','Patio & Outdoor Decor'),
	(647,2,'Hosting','Travel & Guest Ready'),
	(648,2,'Grill Parts','Grills & Outdoor Cooking'),
	(649,2,'Shop Beds by Size','Furniture'),
	(650,2,'Bath Rugs & Mats','Bath'),
	(651,2,'Patio Accessories','Patio Furniture'),
	(652,2,'Womens Plus Dresses & Jumpsuits','Womens Plus'),
	(653,2,'Wilton Cake Decorating','Cake, Baking & Pastry Supplies'),
	(654,2,'Arbors','Garden Center'),
	(655,2,'Builtin Refrigerators','Appliances'),
	(656,2,'Storage Furniture','Storage & Organization'),
	(657,2,'Heart Health','Vitamins & Supplements'),
	(658,2,'LED Light Bulbs','Light Bulbs'),
	(659,2,'Ayesha Curry','Featured Shops'),
	(660,2,'Armoires','Furniture'),
	(661,2,'Area Rugs','Decor'),
	(662,2,'Shop Allswell','Allswell'),
	(663,2,'Tapestries','Decor'),
	(664,2,'Outdoor Privacy Screens','Patio & Outdoor Decor'),
	(665,2,'Sofa Beds','Furniture'),
	(666,2,'Kitchen Linens','Kitchen & Dining'),
	(667,2,'Cat Food by Health Concern','Cats'),
	(668,2,'Snow and Ice','Exterior Car Accessories'),
	(669,2,'Specialty Appliances','Appliances'),
	(670,2,'Outdoor Rugs','Patio & Outdoor Decor'),
	(671,2,'Picnic Tables','Patio Furniture'),
	(672,2,'Shop Duvet Covers by Color','Bedding'),
	(673,2,'Shower Curtain Rings','Bath'),
	(674,2,'Shop Dressers by Color','Furniture'),
	(675,2,'Eureka Vacuum Shop','Appliances'),
	(676,2,'Mens Watches','Watches'),
	(677,2,'Home Improvement Services','Assembly and Installation Services'),
	(678,2,'Wall Sconces','Decor'),
	(679,2,'Bathroom Furniture','Bath'),
	(680,2,'Kids\' Chairs','Kids\' Rooms'),
	(681,2,'Best Beverage Centers','Appliances'),
	(682,2,'Plastic Kids Outdoor Furniture','Outdoor Play'),
	(683,2,'Camping Furniture','Outdoor Sports'),
	(684,2,'Shop Garden Statues By Theme','Patio & Outdoor Decor'),
	(685,2,'Cat Toys','Cats'),
	(686,2,'KitchenAid Certified Refurbished','Appliances'),
	(687,2,'Garden Bushes','Garden Center'),
	(688,2,'Food Storage Containers','Paper & Plastic'),
	(689,2,'As Seen on TV Kitchen and Home','As Seen On TV'),
	(690,2,'Wallpaper Tools and Supplies','Wall Stickers & Coverings'),
	(691,2,'Mattress Pads','Bedding'),
	(692,2,'Farberware','Home'),
	(693,2,'Pantries','Furniture'),
	(694,2,'Prepaid Plastic Gift Cards','Gift Cards'),
	(695,2,'Hydroponics','Garden Center'),
	(696,2,'Hooks','Hardware'),
	(698,2,'Danby','Home'),
	(699,2,'All Nursery Collections','Nursery & Decor'),
	(700,2,'Trees','Garden Center'),
	(701,2,'Hammock Stands & Accessories','Patio Furniture'),
	(702,2,'Toddler Dishes and Utensils','Feeding'),
	(703,2,'Weighted Blankets','Bedding'),
	(704,2,'Shelving','Storage & Organization'),
	(705,2,'Bistro Sets','Patio Furniture'),
	(706,2,'Posters','Decor'),
	(707,2,'Wine Cooler Sizes','Appliances'),
	(708,2,'Shop Dressers by Drawer Count','Furniture'),
	(709,2,'Umbrella Stands & Bases','Outdoor Shade'),
	(710,2,'Grill Tools & Accessories','Grills & Outdoor Cooking'),
	(711,2,'Calphalon','Shop by Brand'),
	(712,2,'End Tables','Furniture'),
	(713,2,'Generators','Outdoor Power Equipment'),
	(714,2,'Craftsman','Home Improvement'),
	(715,2,'CorningWare','Home'),
	(716,2,'Char-Broil Grills','Grills & Outdoor Cooking'),
	(717,2,'Resistance Bands','Exercise & Fitness'),
	(718,2,'Clocks','Decor'),
	(719,2,'Black+Decker Irons & Steamers','Appliances'),
	(720,2,'Kids\' Bathroom','Bath'),
	(721,2,'Leaf Blowers and Accessories','Outdoor Power Equipment'),
	(722,2,'Ego Power Plus','Outdoor Power Equipment'),
	(723,2,'Mother\'s Day Gift Ideas','Kitchen & Dining'),
	(724,2,'Patio Dining Sets','Patio Furniture'),
	(725,2,'Dinnerware Sets','Kitchen & Dining'),
	(726,2,'Landscaping','Garden Center'),
	(727,2,'Crib and Baby Mattresses','Nursery & Decor'),
	(728,2,'Wall Art by Artist','Decor'),
	(729,2,'Table Lamps by Material','Decor'),
	(730,2,'Nursery Storage and Organizers','Nursery & Decor'),
	(731,2,'Grills','Grills & Outdoor Cooking'),
	(732,2,'Furniture Assembly Services','Assembly and Installation Services'),
	(733,2,'Kitchen & Table Linens','Kitchen & Dining'),
	(734,2,'Ceiling Fans by Brand','Decor'),
	(735,2,'Shop Deck Boxes by Size','Sheds & Outdoor Storage'),
	(736,2,'Fans','Heating, Cooling, & Air Quality'),
	(737,2,'Teens\' Furniture','Teens\' Rooms'),
	(738,2,'Tents','Outdoor Sports'),
	(739,2,'Gas Grills by Style','Grills & Outdoor Cooking'),
	(740,2,'Shop By Pro Tools Brand','Tools'),
	(741,2,'Wilton Treat Containers & Displays','Wilton Baking Supplies'),
	(742,2,'Craft Storage','Arts & Crafts Furniture and Storage'),
	(743,2,'Cooking Equipment','Food Service Equipment & Supplies'),
	(744,2,'Table Lamps by Style','Decor'),
	(745,2,'Better Homes & Gardens Pillow Shams','Bedding'),
	(746,2,'Black & White Party Supplies','Party Supplies'),
	(747,2,'Shop by Size','Bedding'),
	(748,2,'Food Holding and Warming Equipment','Food Service Equipment & Supplies'),
	(749,2,'Tabletop','Food Service Equipment & Supplies'),
	(750,2,'Frozen Home & Bedding','Frozen'),
	(751,2,'Benches','Furniture'),
	(752,2,'Mattress Pads & Protectors & Toppers','Bedding'),
	(753,2,'Shop by Accessory','Patio Furniture'),
	(754,2,'Better Homes and Gardens','Featured Shops'),
	(755,2,'Zero Gravity Chairs','Patio Furniture'),
	(756,2,'Kids & Teen Rugs','Decor'),
	(757,2,'Summer Picnic & Backyard Ideas','Kitchen & Dining'),
	(758,2,'Garden Party','Featured Shops'),
	(759,2,'Georgia Bulldogs Team Shop','Sports Fan Shop'),
	(760,2,'Toddler Girls Tops & T-Shirts','Kids Clothing'),
	(761,2,'Luggage','Bags & Accessories'),
	(762,2,'Drew Barrymore Flower Kids Decor','Featured Shops'),
	(763,2,'Sharp','Electronics by Brand'),
	(764,2,'Quilts','Bedding'),
	(765,2,'Slipcovers','Decor'),
	(766,2,'Bed Frames & Box Springs','Furniture'),
	(767,2,'Armoires & Wardrobes','Furniture'),
	(768,2,'Kids\' Furniture','Kids\' Rooms'),
	(769,2,'Wall Mirrors','Decor'),
	(770,2,'Ballpoint Pens','Pens'),
	(771,2,'Girls Plus Shirts And Tops','Kids Clothing'),
	(772,2,'Quilting','Sewing'),
	(773,2,'Pocket Folders','Folders & Filing Products'),
	(774,2,'Binder by Ring Size','Binders & Accessories'),
	(775,2,'Padfolios','Daily Journals'),
	(776,2,'Felt Tip Pens','Pens'),
	(777,2,'Planners','Calendars and Planners'),
	(778,2,'Filing Products','Folders & Filing Products'),
	(779,2,'Mailers','Envelopes & Mailing Supplies'),
	(780,2,'Dinosaur Toys','Action Figures'),
	(781,2,'Art & Drawing Pens','Art Supplies'),
	(782,2,'Cards & Card Stock','Office Paper & Stationery'),
	(783,2,'Copy & Multipurpose Paper','Paper'),
	(784,2,'Shop School Supplies by Color','School Supplies'),
	(785,2,'Pen+Gear','Office Supplies & School Supplies by Brand'),
	(786,2,'Expanding Folders','Folders & Filing Products'),
	(787,2,'Binders & Dividers','Office Organization'),
	(788,2,'Calendars','Calendars and Planners'),
	(789,2,'Cross-Cut Shredders','Paper Shredders'),
	(790,2,'Teachers Supplies in Bulk','School Supplies'),
	(791,2,'Gel Pens','Pens'),
	(792,2,'Pencil Grips','Pencils & Pencil Sharpeners'),
	(793,2,'Postage Stamps','Envelopes & Mailing Supplies'),
	(794,2,'Office Staplers','Staplers & Hole Punches'),
	(795,2,'Binders','Binders & Accessories'),
	(796,2,'Blue Sky','Office Supplies & School Supplies by Brand'),
	(797,2,'All Folders and Filing','Folders & Filing Products'),
	(798,2,'Trolling Motors','Outdoor Sports'),
	(799,2,'Stamping','Scrapbooking'),
	(800,2,'Dividers','Binders & Accessories'),
	(801,2,'Weights','Exercise & Fitness'),
	(802,2,'Adult Scissors','Scissors'),
	(803,2,'Grill Covers','Grills & Outdoor Cooking'),
	(804,2,'Camping Chairs','Outdoor Sports'),
	(805,2,'Projectors & Presentation Equipment','Projection Equipment'),
	(806,2,'Laminating Pouches & Sheets','Laminators & Laminating Supplies'),
	(807,2,'Essentials for Tax Professionals','Tax Prep Essentials'),
	(808,2,'Laminators & Laminating Supplies','Office Electronics'),
	(809,2,'Strip-Cut Shredders','Paper Shredders'),
	(810,2,'All Paper Shredders','Paper Shredders'),
	(811,2,'Permanent Markers','Markers and Highlighters'),
	(812,2,'Envelopes & Mailers','Business Printing'),
	(813,2,'Binding Supplies','Binders & Accessories'),
	(814,2,'Clasp Envelopes','Envelopes & Mailing Supplies'),
	(815,2,'Shop Desks By Type','Furniture'),
	(816,2,'Highlighters','Markers and Highlighters'),
	(817,2,'Science & Education','Learning Toys'),
	(818,2,'Fellowes','Office Supplies & School Supplies by Brand'),
	(819,2,'Bostitch','Home Improvement'),
	(820,2,'Sharpie','Office Supplies & School Supplies by Brand'),
	(821,2,'Robotics','STEAM'),
	(822,2,'Safes & Lockboxes','Home Safety'),
	(823,2,'Shop Pens by Pen Point Style','Pens'),
	(824,2,'Staplers & Punches','Office Supplies for Businesses'),
	(825,2,'Dry Erase Markers','Markers and Highlighters'),
	(826,2,'Shop Tablets for Kids by Screen Size','Learning Toys'),
	(827,2,'Report Covers','Binders & Accessories'),
	(828,2,'Little Tikes Toys','Shop Toys by Brand'),
	(829,2,'All Gift Cards','Gift Cards'),
	(830,3,'Premium Face Moisturizers','Premium Facial Skincare'),
	(831,3,'Premium Bath Accessories','Premium Bath & Body'),
	(832,3,'Sally Hansen','Beauty by Top Brands'),
	(833,3,'Water Based Lubricants','Sexual Wellness'),
	(834,3,'Discover! Staff-Favorite Body Care','Bath & Body'),
	(835,3,'Aveeno Body Care','Bath & Body'),
	(836,3,'Turtle Wax','Auto Detailing & Car Care'),
	(837,3,'Hair Clippers','Shaving'),
	(838,3,'Baby Care & Grooming','Diapering'),
	(839,3,'New in Hand Soaps','Bath & Body'),
	(840,3,'Premium Body Hair Removal','Premium Bath & Body'),
	(841,3,'Mood & Stress Support Supplements','Vitamins & Supplements'),
	(842,3,'Body Lotions & Creams','Bath & Body'),
	(843,3,'Olay Body Bars','Bath & Body'),
	(844,3,'Clean Living Bath & Body','Clean Living Shop'),
	(845,3,'Personal Care Products','Janitorial & Sanitation Supplies'),
	(846,3,'Bath Bombs','Bath & Body'),
	(847,3,'Stock up on Hand Wash','Bath & Body'),
	(848,3,'Self-Tanners & Bronzers','Sun Care'),
	(849,3,'Finishing Touch Flawless','As Seen on TV'),
	(850,3,'Bath & Potty Gifts','Baby Shower Gifts'),
	(851,3,'Men\'s Body Lotions','Men\'s Essentials');